-- phpMyAdmin SQL Dump
-- version 5.2.1
-- https://www.phpmyadmin.net/
--
-- Host: 127.0.0.1
-- Generation Time: Nov 30, 2023 at 02:31 PM
-- Server version: 10.4.28-MariaDB
-- PHP Version: 8.2.4

SET SQL_MODE = "NO_AUTO_VALUE_ON_ZERO";
START TRANSACTION;
SET time_zone = "+00:00";


/*!40101 SET @OLD_CHARACTER_SET_CLIENT=@@CHARACTER_SET_CLIENT */;
/*!40101 SET @OLD_CHARACTER_SET_RESULTS=@@CHARACTER_SET_RESULTS */;
/*!40101 SET @OLD_COLLATION_CONNECTION=@@COLLATION_CONNECTION */;
/*!40101 SET NAMES utf8mb4 */;

--
-- Database: `jobhunt.id`
--

-- --------------------------------------------------------

--
-- Table structure for table `bidang`
--

CREATE TABLE `bidang` (
  `Id_Bidang` char(2) NOT NULL,
  `NamaBidang` varchar(75) NOT NULL,
  `Created_at` datetime(6) DEFAULT current_timestamp(6),
  `createdAt` datetime DEFAULT current_timestamp(),
  `updatedAt` datetime DEFAULT current_timestamp()
) ENGINE=InnoDB DEFAULT CHARSET=utf8mb4 COLLATE=utf8mb4_general_ci;

--
-- Dumping data for table `bidang`
--

INSERT INTO `bidang` (`Id_Bidang`, `NamaBidang`, `Created_at`, `createdAt`, `updatedAt`) VALUES
('B0', 'Programmer', '2023-11-30 00:40:32.527836', '2023-11-30 00:40:32', '2023-11-30 00:40:32'),
('B2', 'Purchasing', '2023-11-30 00:42:14.623459', '2023-11-30 00:42:14', '2023-11-30 00:42:14');

-- --------------------------------------------------------

--
-- Table structure for table `datapegawai`
--

CREATE TABLE `datapegawai` (
  `Id_Pegawai` varchar(5) NOT NULL,
  `NamaLengkap` varchar(75) NOT NULL,
  `Tanggal` date NOT NULL,
  `Umur` int(3) NOT NULL,
  `AlamatLengkap` varchar(150) NOT NULL,
  `Kd_Provinsi` varchar(2) NOT NULL,
  `Kd_KotaKabupaten` varchar(4) NOT NULL,
  `Kodepos` varchar(5) NOT NULL,
  `Created_at` datetime(6) DEFAULT current_timestamp(6),
  `createdAt` datetime DEFAULT current_timestamp(),
  `updatedAt` datetime DEFAULT current_timestamp(),
  `LevelPekerjaan` enum('Entry Level','Middle Level','Senior Level') NOT NULL
) ENGINE=InnoDB DEFAULT CHARSET=utf8mb4 COLLATE=utf8mb4_general_ci;

--
-- Dumping data for table `datapegawai`
--

INSERT INTO `datapegawai` (`Id_Pegawai`, `NamaLengkap`, `Tanggal`, `Umur`, `AlamatLengkap`, `Kd_Provinsi`, `Kd_KotaKabupaten`, `Kodepos`, `Created_at`, `createdAt`, `updatedAt`, `LevelPekerjaan`) VALUES
('P001', 'Panji Setyo Kurniawan Updated', '2023-12-01', -1, 'Pekalongan Oyee', '0', '2', '51162', '2023-11-29 15:11:33.313350', '2023-11-29 15:11:33', '2023-11-29 17:46:08', ''),
('P002', 'Andira Permatasari', '2023-12-01', -1, 'Pekalongan Oyee', '0', '2', '51162', '2023-11-30 00:38:24.940056', '2023-11-30 00:38:24', '2023-11-30 00:38:24', ''),
('P003', 'Panji Setyo Kurniawan', '2023-12-01', -1, 'Pekalongan Oyee', '11', '1101', '51162', '2023-11-30 12:25:44.336177', '2023-11-30 12:25:44', '2023-11-30 12:25:44', ''),
('P004', 'Panji Setyo Kurniawan2', '2023-12-01', -1, 'Pekalongan Oyee', '11', '1101', '51162', '2023-11-30 12:26:21.715605', '2023-11-30 12:26:21', '2023-11-30 12:26:21', '');

-- --------------------------------------------------------

--
-- Table structure for table `keahlian`
--

CREATE TABLE `keahlian` (
  `id` int(11) NOT NULL,
  `value` varchar(20) NOT NULL,
  `Id_Pegawai` varchar(5) NOT NULL,
  `createdAt` datetime DEFAULT current_timestamp(),
  `updatedAt` datetime DEFAULT current_timestamp()
) ENGINE=InnoDB DEFAULT CHARSET=utf8mb4 COLLATE=utf8mb4_general_ci;

--
-- Dumping data for table `keahlian`
--

INSERT INTO `keahlian` (`id`, `value`, `Id_Pegawai`, `createdAt`, `updatedAt`) VALUES
(1, 'madang', 'P003', '2023-11-30 12:25:44', '2023-11-30 12:25:44'),
(2, 'memasak', 'P003', '2023-11-30 12:25:44', '2023-11-30 12:25:44');

-- --------------------------------------------------------

--
-- Table structure for table `ms_kota`
--

CREATE TABLE `ms_kota` (
  `Kd_Kota` int(4) NOT NULL,
  `Kd_Provinsi` int(2) DEFAULT NULL,
  `NamaKota` varchar(36) DEFAULT NULL,
  `Created_at` varchar(26) DEFAULT NULL,
  `Modified_at` varchar(23) DEFAULT NULL,
  `Delete_at` varchar(10) DEFAULT NULL,
  `createdAt` datetime DEFAULT current_timestamp(),
  `updatedAt` datetime DEFAULT current_timestamp()
) ENGINE=InnoDB DEFAULT CHARSET=utf8 COLLATE=utf8_general_ci;

--
-- Dumping data for table `ms_kota`
--

INSERT INTO `ms_kota` (`Kd_Kota`, `Kd_Provinsi`, `NamaKota`, `Created_at`, `Modified_at`, `Delete_at`, `createdAt`, `updatedAt`) VALUES
(339, 33, 'Luar Negeri', '09/09/2022 20:05:30.798', '09/09/2022 20:05:30.798', '', '2023-11-29 22:24:22', '2023-11-29 22:24:22'),
(1101, 11, 'KABUPATEN SIMEULUE', '2022-08-22 10:18:37.593060', '', '', '2023-11-29 22:24:22', '2023-11-29 22:24:22'),
(1102, 11, 'KABUPATEN ACEH SINGKIL', '2022-08-22 10:18:37.593060', '', '', '2023-11-29 22:24:22', '2023-11-29 22:24:22'),
(1103, 11, 'KABUPATEN ACEH SELATAN', '2022-08-22 10:18:37.593060', '', '', '2023-11-29 22:24:22', '2023-11-29 22:24:22'),
(1104, 11, 'KABUPATEN ACEH TENGGARA', '2022-08-22 10:18:37.593060', '', '', '2023-11-29 22:24:22', '2023-11-29 22:24:22'),
(1105, 11, 'KABUPATEN ACEH TIMUR', '2022-08-22 10:18:37.593060', '', '', '2023-11-29 22:24:22', '2023-11-29 22:24:22'),
(1106, 11, 'KABUPATEN ACEH TENGAH', '2022-08-22 10:18:37.593060', '', '', '2023-11-29 22:24:22', '2023-11-29 22:24:22'),
(1107, 11, 'KABUPATEN ACEH BARAT', '2022-08-22 10:18:37.593060', '', '', '2023-11-29 22:24:22', '2023-11-29 22:24:22'),
(1108, 11, 'KABUPATEN ACEH BESAR', '2022-08-22 10:18:37.593060', '', '', '2023-11-29 22:24:22', '2023-11-29 22:24:22'),
(1109, 11, 'KABUPATEN PIDIE', '2022-08-22 10:18:37.593060', '', '', '2023-11-29 22:24:22', '2023-11-29 22:24:22'),
(1110, 11, 'KABUPATEN BIREUEN', '2022-08-22 10:18:37.593060', '', '', '2023-11-29 22:24:22', '2023-11-29 22:24:22'),
(1111, 11, 'KABUPATEN ACEH UTARA', '2022-08-22 10:18:37.593060', '', '', '2023-11-29 22:24:22', '2023-11-29 22:24:22'),
(1112, 11, 'KABUPATEN ACEH BARAT DAYA', '2022-08-22 10:18:37.593060', '', '', '2023-11-29 22:24:22', '2023-11-29 22:24:22'),
(1113, 11, 'KABUPATEN GAYO LUES', '2022-08-22 10:18:37.593060', '', '', '2023-11-29 22:24:22', '2023-11-29 22:24:22'),
(1114, 11, 'KABUPATEN ACEH TAMIANG', '2022-08-22 10:18:37.593060', '', '', '2023-11-29 22:24:22', '2023-11-29 22:24:22'),
(1115, 11, 'KABUPATEN NAGAN RAYA', '2022-08-22 10:18:37.593060', '', '', '2023-11-29 22:24:22', '2023-11-29 22:24:22'),
(1116, 11, 'KABUPATEN ACEH JAYA', '2022-08-22 10:18:37.593060', '', '', '2023-11-29 22:24:22', '2023-11-29 22:24:22'),
(1117, 11, 'KABUPATEN BENER MERIAH', '2022-08-22 10:18:37.593060', '', '', '2023-11-29 22:24:22', '2023-11-29 22:24:22'),
(1118, 11, 'KABUPATEN PIDIE JAYA', '2022-08-22 10:18:37.593060', '', '', '2023-11-29 22:24:22', '2023-11-29 22:24:22'),
(1171, 11, 'KOTA BANDA ACEH', '2022-08-22 10:18:37.593060', '', '', '2023-11-29 22:24:22', '2023-11-29 22:24:22'),
(1172, 11, 'KOTA SABANG', '2022-08-22 10:18:37.593060', '', '', '2023-11-29 22:24:22', '2023-11-29 22:24:22'),
(1173, 11, 'KOTA LANGSA', '2022-08-22 10:18:37.593060', '', '', '2023-11-29 22:24:22', '2023-11-29 22:24:22'),
(1174, 11, 'KOTA LHOKSEUMAWE', '2022-08-22 10:18:37.593060', '', '', '2023-11-29 22:24:22', '2023-11-29 22:24:22'),
(1175, 11, 'KOTA SUBULUSSALAM', '2022-08-22 10:18:37.593060', '', '', '2023-11-29 22:24:22', '2023-11-29 22:24:22'),
(1201, 12, 'KABUPATEN NIAS', '2022-08-22 10:18:37.593060', '', '', '2023-11-29 22:24:22', '2023-11-29 22:24:22'),
(1202, 12, 'KABUPATEN MANDAILING NATAL', '2022-08-22 10:18:37.593060', '', '', '2023-11-29 22:24:22', '2023-11-29 22:24:22'),
(1203, 12, 'KABUPATEN TAPANULI SELATAN', '2022-08-22 10:18:37.593060', '', '', '2023-11-29 22:24:22', '2023-11-29 22:24:22'),
(1204, 12, 'KABUPATEN TAPANULI TENGAH', '2022-08-22 10:18:37.593060', '', '', '2023-11-29 22:24:22', '2023-11-29 22:24:22'),
(1205, 12, 'KABUPATEN TAPANULI UTARA', '2022-08-22 10:18:37.593060', '', '', '2023-11-29 22:24:22', '2023-11-29 22:24:22'),
(1206, 12, 'KABUPATEN TOBA SAMOSIR', '2022-08-22 10:18:37.593060', '', '', '2023-11-29 22:24:22', '2023-11-29 22:24:22'),
(1207, 12, 'KABUPATEN LABUHAN BATU', '2022-08-22 10:18:37.593060', '', '', '2023-11-29 22:24:22', '2023-11-29 22:24:22'),
(1208, 12, 'KABUPATEN ASAHAN', '2022-08-22 10:18:37.593060', '', '', '2023-11-29 22:24:22', '2023-11-29 22:24:22'),
(1209, 12, 'KABUPATEN SIMALUNGUN', '2022-08-22 10:18:37.593060', '', '', '2023-11-29 22:24:22', '2023-11-29 22:24:22'),
(1210, 12, 'KABUPATEN DAIRI', '2022-08-22 10:18:37.593060', '', '', '2023-11-29 22:24:22', '2023-11-29 22:24:22'),
(1211, 12, 'KABUPATEN KARO', '2022-08-22 10:18:37.593060', '', '', '2023-11-29 22:24:22', '2023-11-29 22:24:22'),
(1212, 12, 'KABUPATEN DELI SERDANG', '2022-08-22 10:18:37.593060', '', '', '2023-11-29 22:24:22', '2023-11-29 22:24:22'),
(1213, 12, 'KABUPATEN LANGKAT', '2022-08-22 10:18:37.593060', '', '', '2023-11-29 22:24:22', '2023-11-29 22:24:22'),
(1214, 12, 'KABUPATEN NIAS SELATAN', '2022-08-22 10:18:37.593060', '', '', '2023-11-29 22:24:22', '2023-11-29 22:24:22'),
(1215, 12, 'KABUPATEN HUMBANG HASUNDUTAN', '2022-08-22 10:18:37.593060', '', '', '2023-11-29 22:24:22', '2023-11-29 22:24:22'),
(1216, 12, 'KABUPATEN PAKPAK BHARAT', '2022-08-22 10:18:37.593060', '', '', '2023-11-29 22:24:22', '2023-11-29 22:24:22'),
(1217, 12, 'KABUPATEN SAMOSIR', '2022-08-22 10:18:37.593060', '', '', '2023-11-29 22:24:22', '2023-11-29 22:24:22'),
(1218, 12, 'KABUPATEN SERDANG BEDAGAI', '2022-08-22 10:18:37.593060', '', '', '2023-11-29 22:24:22', '2023-11-29 22:24:22'),
(1219, 12, 'KABUPATEN BATU BARA', '2022-08-22 10:18:37.593060', '', '', '2023-11-29 22:24:22', '2023-11-29 22:24:22'),
(1220, 12, 'KABUPATEN PADANG LAWAS UTARA', '2022-08-22 10:18:37.593060', '', '', '2023-11-29 22:24:22', '2023-11-29 22:24:22'),
(1221, 12, 'KABUPATEN PADANG LAWAS', '2022-08-22 10:18:37.593060', '', '', '2023-11-29 22:24:22', '2023-11-29 22:24:22'),
(1222, 12, 'KABUPATEN LABUHAN BATU SELATAN', '2022-08-22 10:18:37.593060', '', '', '2023-11-29 22:24:22', '2023-11-29 22:24:22'),
(1223, 12, 'KABUPATEN LABUHAN BATU UTARA', '2022-08-22 10:18:37.593060', '', '', '2023-11-29 22:24:22', '2023-11-29 22:24:22'),
(1224, 12, 'KABUPATEN NIAS UTARA', '2022-08-22 10:18:37.593060', '', '', '2023-11-29 22:24:22', '2023-11-29 22:24:22'),
(1225, 12, 'KABUPATEN NIAS BARAT', '2022-08-22 10:18:37.593060', '', '', '2023-11-29 22:24:22', '2023-11-29 22:24:22'),
(1271, 12, 'KOTA SIBOLGA', '2022-08-22 10:18:37.593060', '', '', '2023-11-29 22:24:22', '2023-11-29 22:24:22'),
(1272, 12, 'KOTA TANJUNG BALAI', '2022-08-22 10:18:37.593060', '', '', '2023-11-29 22:24:22', '2023-11-29 22:24:22'),
(1273, 12, 'KOTA PEMATANG SIANTAR', '2022-08-22 10:18:37.593060', '', '', '2023-11-29 22:24:22', '2023-11-29 22:24:22'),
(1274, 12, 'KOTA TEBING TINGGI', '2022-08-22 10:18:37.593060', '', '', '2023-11-29 22:24:22', '2023-11-29 22:24:22'),
(1275, 12, 'KOTA MEDAN', '2022-08-22 10:18:37.593060', '', '', '2023-11-29 22:24:22', '2023-11-29 22:24:22'),
(1276, 12, 'KOTA BINJAI', '2022-08-22 10:18:37.593060', '', '', '2023-11-29 22:24:22', '2023-11-29 22:24:22'),
(1277, 12, 'KOTA PADANGSIDIMPUAN', '2022-08-22 10:18:37.593060', '', '', '2023-11-29 22:24:22', '2023-11-29 22:24:22'),
(1278, 12, 'KOTA GUNUNGSITOLI', '2022-08-22 10:18:37.593060', '', '', '2023-11-29 22:24:22', '2023-11-29 22:24:22'),
(1301, 13, 'KABUPATEN KEPULAUAN MENTAWAI', '2022-08-22 10:18:37.593060', '', '', '2023-11-29 22:24:22', '2023-11-29 22:24:22'),
(1302, 13, 'KABUPATEN PESISIR SELATAN', '2022-08-22 10:18:37.593060', '', '', '2023-11-29 22:24:22', '2023-11-29 22:24:22'),
(1303, 13, 'KABUPATEN SOLOK', '2022-08-22 10:18:37.593060', '', '', '2023-11-29 22:24:22', '2023-11-29 22:24:22'),
(1304, 13, 'KABUPATEN SIJUNJUNG', '2022-08-22 10:18:37.593060', '', '', '2023-11-29 22:24:22', '2023-11-29 22:24:22'),
(1305, 13, 'KABUPATEN TANAH DATAR', '2022-08-22 10:18:37.593060', '', '', '2023-11-29 22:24:22', '2023-11-29 22:24:22'),
(1306, 13, 'KABUPATEN PADANG PARIAMAN', '2022-08-22 10:18:37.593060', '', '', '2023-11-29 22:24:22', '2023-11-29 22:24:22'),
(1307, 13, 'KABUPATEN AGAM', '2022-08-22 10:18:37.593060', '', '', '2023-11-29 22:24:22', '2023-11-29 22:24:22'),
(1308, 13, 'KABUPATEN LIMA PULUH KOTA', '2022-08-22 10:18:37.593060', '', '', '2023-11-29 22:24:22', '2023-11-29 22:24:22'),
(1309, 13, 'KABUPATEN PASAMAN', '2022-08-22 10:18:37.593060', '', '', '2023-11-29 22:24:22', '2023-11-29 22:24:22'),
(1310, 13, 'KABUPATEN SOLOK SELATAN', '2022-08-22 10:18:37.593060', '', '', '2023-11-29 22:24:22', '2023-11-29 22:24:22'),
(1311, 13, 'KABUPATEN DHARMASRAYA', '2022-08-22 10:18:37.593060', '', '', '2023-11-29 22:24:22', '2023-11-29 22:24:22'),
(1312, 13, 'KABUPATEN PASAMAN BARAT', '2022-08-22 10:18:37.593060', '', '', '2023-11-29 22:24:22', '2023-11-29 22:24:22'),
(1371, 13, 'KOTA PADANG', '2022-08-22 10:18:37.593060', '', '', '2023-11-29 22:24:22', '2023-11-29 22:24:22'),
(1372, 13, 'KOTA SOLOK', '2022-08-22 10:18:37.593060', '', '', '2023-11-29 22:24:22', '2023-11-29 22:24:22'),
(1373, 13, 'KOTA SAWAH LUNTO', '2022-08-22 10:18:37.593060', '', '', '2023-11-29 22:24:22', '2023-11-29 22:24:22'),
(1374, 13, 'KOTA PADANG PANJANG', '2022-08-22 10:18:37.593060', '', '', '2023-11-29 22:24:22', '2023-11-29 22:24:22'),
(1375, 13, 'KOTA BUKITTINGGI', '2022-08-22 10:18:37.593060', '', '', '2023-11-29 22:24:22', '2023-11-29 22:24:22'),
(1376, 13, 'KOTA PAYAKUMBUH', '2022-08-22 10:18:37.593060', '', '', '2023-11-29 22:24:22', '2023-11-29 22:24:22'),
(1377, 13, 'KOTA PARIAMAN', '2022-08-22 10:18:37.593060', '', '', '2023-11-29 22:24:22', '2023-11-29 22:24:22'),
(1401, 14, 'KABUPATEN KUANTAN SINGINGI', '2022-08-22 10:18:37.593060', '', '', '2023-11-29 22:24:22', '2023-11-29 22:24:22'),
(1402, 14, 'KABUPATEN INDRAGIRI HULU', '2022-08-22 10:18:37.593060', '', '', '2023-11-29 22:24:22', '2023-11-29 22:24:22'),
(1403, 14, 'KABUPATEN INDRAGIRI HILIR', '2022-08-22 10:18:37.593060', '', '', '2023-11-29 22:24:22', '2023-11-29 22:24:22'),
(1404, 14, 'KABUPATEN PELALAWAN', '2022-08-22 10:18:37.593060', '', '', '2023-11-29 22:24:22', '2023-11-29 22:24:22'),
(1405, 14, 'KABUPATEN S I A K', '2022-08-22 10:18:37.593060', '', '', '2023-11-29 22:24:22', '2023-11-29 22:24:22'),
(1406, 14, 'KABUPATEN KAMPAR', '2022-08-22 10:18:37.593060', '', '', '2023-11-29 22:24:22', '2023-11-29 22:24:22'),
(1407, 14, 'KABUPATEN ROKAN HULU', '2022-08-22 10:18:37.593060', '', '', '2023-11-29 22:24:22', '2023-11-29 22:24:22'),
(1408, 14, 'KABUPATEN BENGKALIS', '2022-08-22 10:18:37.593060', '', '', '2023-11-29 22:24:22', '2023-11-29 22:24:22'),
(1409, 14, 'KABUPATEN ROKAN HILIR', '2022-08-22 10:18:37.593060', '', '', '2023-11-29 22:24:22', '2023-11-29 22:24:22'),
(1410, 14, 'KABUPATEN KEPULAUAN MERANTI', '2022-08-22 10:18:37.593060', '', '', '2023-11-29 22:24:22', '2023-11-29 22:24:22'),
(1471, 14, 'KOTA PEKANBARU', '2022-08-22 10:18:37.593060', '', '', '2023-11-29 22:24:22', '2023-11-29 22:24:22'),
(1473, 14, 'KOTA D U M A I', '2022-08-22 10:18:37.593060', '', '', '2023-11-29 22:24:22', '2023-11-29 22:24:22'),
(1501, 15, 'KABUPATEN KERINCI', '2022-08-22 10:18:37.593060', '', '', '2023-11-29 22:24:22', '2023-11-29 22:24:22'),
(1502, 15, 'KABUPATEN MERANGIN', '2022-08-22 10:18:37.593060', '', '', '2023-11-29 22:24:22', '2023-11-29 22:24:22'),
(1503, 15, 'KABUPATEN SAROLANGUN', '2022-08-22 10:18:37.593060', '', '', '2023-11-29 22:24:22', '2023-11-29 22:24:22'),
(1504, 15, 'KABUPATEN BATANG HARI', '2022-08-22 10:18:37.593060', '', '', '2023-11-29 22:24:22', '2023-11-29 22:24:22'),
(1505, 15, 'KABUPATEN MUARO JAMBI', '2022-08-22 10:18:37.593060', '', '', '2023-11-29 22:24:22', '2023-11-29 22:24:22'),
(1506, 15, 'KABUPATEN TANJUNG JABUNG TIMUR', '2022-08-22 10:18:37.593060', '', '', '2023-11-29 22:24:22', '2023-11-29 22:24:22'),
(1507, 15, 'KABUPATEN TANJUNG JABUNG BARAT', '2022-08-22 10:18:37.593060', '', '', '2023-11-29 22:24:22', '2023-11-29 22:24:22'),
(1508, 15, 'KABUPATEN TEBO', '2022-08-22 10:18:37.593060', '', '', '2023-11-29 22:24:22', '2023-11-29 22:24:22'),
(1509, 15, 'KABUPATEN BUNGO', '2022-08-22 10:18:37.593060', '', '', '2023-11-29 22:24:22', '2023-11-29 22:24:22'),
(1571, 15, 'KOTA JAMBI', '2022-08-22 10:18:37.593060', '', '', '2023-11-29 22:24:22', '2023-11-29 22:24:22'),
(1572, 15, 'KOTA SUNGAI PENUH', '2022-08-22 10:18:37.593060', '', '', '2023-11-29 22:24:22', '2023-11-29 22:24:22'),
(1601, 16, 'KABUPATEN OGAN KOMERING ULU', '2022-08-22 10:18:37.593060', '', '', '2023-11-29 22:24:22', '2023-11-29 22:24:22'),
(1602, 16, 'KABUPATEN OGAN KOMERING ILIR', '2022-08-22 10:18:37.593060', '', '', '2023-11-29 22:24:22', '2023-11-29 22:24:22'),
(1603, 16, 'KABUPATEN MUARA ENIM', '2022-08-22 10:18:37.593060', '', '', '2023-11-29 22:24:22', '2023-11-29 22:24:22'),
(1604, 16, 'KABUPATEN LAHAT', '2022-08-22 10:18:37.593060', '', '', '2023-11-29 22:24:22', '2023-11-29 22:24:22'),
(1605, 16, 'KABUPATEN MUSI RAWAS', '2022-08-22 10:18:37.593060', '', '', '2023-11-29 22:24:22', '2023-11-29 22:24:22'),
(1606, 16, 'KABUPATEN MUSI BANYUASIN', '2022-08-22 10:18:37.593060', '', '', '2023-11-29 22:24:22', '2023-11-29 22:24:22'),
(1607, 16, 'KABUPATEN BANYU ASIN', '2022-08-22 10:18:37.593060', '', '', '2023-11-29 22:24:22', '2023-11-29 22:24:22'),
(1608, 16, 'KABUPATEN OGAN KOMERING ULU SELATAN', '2022-08-22 10:18:37.593060', '', '', '2023-11-29 22:24:22', '2023-11-29 22:24:22'),
(1609, 16, 'KABUPATEN OGAN KOMERING ULU TIMUR', '2022-08-22 10:18:37.593060', '', '', '2023-11-29 22:24:22', '2023-11-29 22:24:22'),
(1610, 16, 'KABUPATEN OGAN ILIR', '2022-08-22 10:18:37.593060', '', '', '2023-11-29 22:24:22', '2023-11-29 22:24:22'),
(1611, 16, 'KABUPATEN EMPAT LAWANG', '2022-08-22 10:18:37.593060', '', '', '2023-11-29 22:24:22', '2023-11-29 22:24:22'),
(1612, 16, 'KABUPATEN PENUKAL ABAB LEMATANG ILIR', '2022-08-22 10:18:37.593060', '', '', '2023-11-29 22:24:22', '2023-11-29 22:24:22'),
(1613, 16, 'KABUPATEN MUSI RAWAS UTARA', '2022-08-22 10:18:37.593060', '', '', '2023-11-29 22:24:22', '2023-11-29 22:24:22'),
(1671, 16, 'KOTA PALEMBANG', '2022-08-22 10:18:37.593060', '', '', '2023-11-29 22:24:22', '2023-11-29 22:24:22'),
(1672, 16, 'KOTA PRABUMULIH', '2022-08-22 10:18:37.593060', '', '', '2023-11-29 22:24:22', '2023-11-29 22:24:22'),
(1673, 16, 'KOTA PAGAR ALAM', '2022-08-22 10:18:37.593060', '', '', '2023-11-29 22:24:22', '2023-11-29 22:24:22'),
(1674, 16, 'KOTA LUBUKLINGGAU', '2022-08-22 10:18:37.593060', '', '', '2023-11-29 22:24:22', '2023-11-29 22:24:22'),
(1701, 17, 'KABUPATEN BENGKULU SELATAN', '2022-08-22 10:18:37.593060', '', '', '2023-11-29 22:24:22', '2023-11-29 22:24:22'),
(1702, 17, 'KABUPATEN REJANG LEBONG', '2022-08-22 10:18:37.593060', '', '', '2023-11-29 22:24:22', '2023-11-29 22:24:22'),
(1703, 17, 'KABUPATEN BENGKULU UTARA', '2022-08-22 10:18:37.593060', '', '', '2023-11-29 22:24:22', '2023-11-29 22:24:22'),
(1704, 17, 'KABUPATEN KAUR', '2022-08-22 10:18:37.593060', '', '', '2023-11-29 22:24:22', '2023-11-29 22:24:22'),
(1705, 17, 'KABUPATEN SELUMA', '2022-08-22 10:18:37.593060', '', '', '2023-11-29 22:24:22', '2023-11-29 22:24:22'),
(1706, 17, 'KABUPATEN MUKOMUKO', '2022-08-22 10:18:37.593060', '', '', '2023-11-29 22:24:22', '2023-11-29 22:24:22'),
(1707, 17, 'KABUPATEN LEBONG', '2022-08-22 10:18:37.593060', '', '', '2023-11-29 22:24:22', '2023-11-29 22:24:22'),
(1708, 17, 'KABUPATEN KEPAHIANG', '2022-08-22 10:18:37.593060', '', '', '2023-11-29 22:24:22', '2023-11-29 22:24:22'),
(1709, 17, 'KABUPATEN BENGKULU TENGAH', '2022-08-22 10:18:37.593060', '', '', '2023-11-29 22:24:22', '2023-11-29 22:24:22'),
(1771, 17, 'KOTA BENGKULU', '2022-08-22 10:18:37.593060', '', '', '2023-11-29 22:24:22', '2023-11-29 22:24:22'),
(1801, 18, 'KABUPATEN LAMPUNG BARAT', '2022-08-22 10:18:37.593060', '', '', '2023-11-29 22:24:22', '2023-11-29 22:24:22'),
(1802, 18, 'KABUPATEN TANGGAMUS', '2022-08-22 10:18:37.593060', '', '', '2023-11-29 22:24:22', '2023-11-29 22:24:22'),
(1803, 18, 'KABUPATEN LAMPUNG SELATAN', '2022-08-22 10:18:37.593060', '', '', '2023-11-29 22:24:22', '2023-11-29 22:24:22'),
(1804, 18, 'KABUPATEN LAMPUNG TIMUR', '2022-08-22 10:18:37.593060', '', '', '2023-11-29 22:24:22', '2023-11-29 22:24:22'),
(1805, 18, 'KABUPATEN LAMPUNG TENGAH', '2022-08-22 10:18:37.593060', '', '', '2023-11-29 22:24:22', '2023-11-29 22:24:22'),
(1806, 18, 'KABUPATEN LAMPUNG UTARA', '2022-08-22 10:18:37.593060', '', '', '2023-11-29 22:24:22', '2023-11-29 22:24:22'),
(1807, 18, 'KABUPATEN WAY KANAN', '2022-08-22 10:18:37.593060', '', '', '2023-11-29 22:24:22', '2023-11-29 22:24:22'),
(1808, 18, 'KABUPATEN TULANGBAWANG', '2022-08-22 10:18:37.593060', '', '', '2023-11-29 22:24:22', '2023-11-29 22:24:22'),
(1809, 18, 'KABUPATEN PESAWARAN', '2022-08-22 10:18:37.593060', '', '', '2023-11-29 22:24:22', '2023-11-29 22:24:22'),
(1810, 18, 'KABUPATEN PRINGSEWU', '2022-08-22 10:18:37.593060', '', '', '2023-11-29 22:24:22', '2023-11-29 22:24:22'),
(1811, 18, 'KABUPATEN MESUJI', '2022-08-22 10:18:37.593060', '', '', '2023-11-29 22:24:22', '2023-11-29 22:24:22'),
(1812, 18, 'KABUPATEN TULANG BAWANG BARAT', '2022-08-22 10:18:37.593060', '', '', '2023-11-29 22:24:22', '2023-11-29 22:24:22'),
(1813, 18, 'KABUPATEN PESISIR BARAT', '2022-08-22 10:18:37.593060', '', '', '2023-11-29 22:24:22', '2023-11-29 22:24:22'),
(1871, 18, 'KOTA BANDAR LAMPUNG', '2022-08-22 10:18:37.593060', '', '', '2023-11-29 22:24:22', '2023-11-29 22:24:22'),
(1872, 18, 'KOTA METRO', '2022-08-22 10:18:37.593060', '', '', '2023-11-29 22:24:22', '2023-11-29 22:24:22'),
(1901, 19, 'KABUPATEN BANGKA', '2022-08-22 10:18:37.593060', '', '', '2023-11-29 22:24:22', '2023-11-29 22:24:22'),
(1902, 19, 'KABUPATEN BELITUNG', '2022-08-22 10:18:37.593060', '', '', '2023-11-29 22:24:22', '2023-11-29 22:24:22'),
(1903, 19, 'KABUPATEN BANGKA BARAT', '2022-08-22 10:18:37.593060', '', '', '2023-11-29 22:24:22', '2023-11-29 22:24:22'),
(1904, 19, 'KABUPATEN BANGKA TENGAH', '2022-08-22 10:18:37.593060', '', '', '2023-11-29 22:24:22', '2023-11-29 22:24:22'),
(1905, 19, 'KABUPATEN BANGKA SELATAN', '2022-08-22 10:18:37.593060', '', '', '2023-11-29 22:24:22', '2023-11-29 22:24:22'),
(1906, 19, 'KABUPATEN BELITUNG TIMUR', '2022-08-22 10:18:37.593060', '', '', '2023-11-29 22:24:22', '2023-11-29 22:24:22'),
(1971, 19, 'KOTA PANGKAL PINANG', '2022-08-22 10:18:37.593060', '', '', '2023-11-29 22:24:22', '2023-11-29 22:24:22'),
(2101, 21, 'KABUPATEN KARIMUN', '2022-08-22 10:18:37.593060', '', '', '2023-11-29 22:24:22', '2023-11-29 22:24:22'),
(2102, 21, 'KABUPATEN BINTAN', '2022-08-22 10:18:37.593060', '', '', '2023-11-29 22:24:22', '2023-11-29 22:24:22'),
(2103, 21, 'KABUPATEN NATUNA', '2022-08-22 10:18:37.593060', '', '', '2023-11-29 22:24:22', '2023-11-29 22:24:22'),
(2104, 21, 'KABUPATEN LINGGA', '2022-08-22 10:18:37.593060', '', '', '2023-11-29 22:24:22', '2023-11-29 22:24:22'),
(2105, 21, 'KABUPATEN KEPULAUAN ANAMBAS', '2022-08-22 10:18:37.593060', '', '', '2023-11-29 22:24:22', '2023-11-29 22:24:22'),
(2171, 21, 'KOTA B A T A M', '2022-08-22 10:18:37.593060', '', '', '2023-11-29 22:24:22', '2023-11-29 22:24:22'),
(2172, 21, 'KOTA TANJUNG PINANG', '2022-08-22 10:18:37.593060', '', '', '2023-11-29 22:24:22', '2023-11-29 22:24:22'),
(3101, 31, 'KABUPATEN KEPULAUAN SERIBU', '2022-08-22 10:18:37.593060', '', '', '2023-11-29 22:24:22', '2023-11-29 22:24:22'),
(3171, 31, 'KOTA JAKARTA SELATAN', '2022-08-22 10:18:37.593060', '', '', '2023-11-29 22:24:22', '2023-11-29 22:24:22'),
(3172, 31, 'KOTA JAKARTA TIMUR', '2022-08-22 10:18:37.593060', '', '', '2023-11-29 22:24:22', '2023-11-29 22:24:22'),
(3173, 31, 'KOTA JAKARTA PUSAT', '2022-08-22 10:18:37.593060', '', '', '2023-11-29 22:24:22', '2023-11-29 22:24:22'),
(3174, 31, 'KOTA JAKARTA BARAT', '2022-08-22 10:18:37.593060', '', '', '2023-11-29 22:24:22', '2023-11-29 22:24:22'),
(3175, 31, 'KOTA JAKARTA UTARA', '2022-08-22 10:18:37.593060', '', '', '2023-11-29 22:24:22', '2023-11-29 22:24:22'),
(3201, 32, 'KABUPATEN BOGOR', '2022-08-22 10:18:37.593060', '', '', '2023-11-29 22:24:22', '2023-11-29 22:24:22'),
(3202, 32, 'KABUPATEN SUKABUMI', '2022-08-22 10:18:37.593060', '', '', '2023-11-29 22:24:22', '2023-11-29 22:24:22'),
(3203, 32, 'KABUPATEN CIANJUR', '2022-08-22 10:18:37.593060', '', '', '2023-11-29 22:24:22', '2023-11-29 22:24:22'),
(3204, 32, 'KABUPATEN BANDUNG', '2022-08-22 10:18:37.593060', '', '', '2023-11-29 22:24:22', '2023-11-29 22:24:22'),
(3205, 32, 'KABUPATEN GARUT', '2022-08-22 10:18:37.593060', '', '', '2023-11-29 22:24:22', '2023-11-29 22:24:22'),
(3206, 32, 'KABUPATEN TASIKMALAYA', '2022-08-22 10:18:37.593060', '', '', '2023-11-29 22:24:22', '2023-11-29 22:24:22'),
(3207, 32, 'KABUPATEN CIAMIS', '2022-08-22 10:18:37.593060', '', '', '2023-11-29 22:24:22', '2023-11-29 22:24:22'),
(3208, 32, 'KABUPATEN KUNINGAN', '2022-08-22 10:18:37.593060', '', '', '2023-11-29 22:24:22', '2023-11-29 22:24:22'),
(3209, 32, 'KABUPATEN CIREBON', '2022-08-22 10:18:37.593060', '', '', '2023-11-29 22:24:22', '2023-11-29 22:24:22'),
(3210, 32, 'KABUPATEN MAJALENGKA', '2022-08-22 10:18:37.593060', '', '', '2023-11-29 22:24:22', '2023-11-29 22:24:22'),
(3211, 32, 'KABUPATEN SUMEDANG', '2022-08-22 10:18:37.593060', '', '', '2023-11-29 22:24:22', '2023-11-29 22:24:22'),
(3212, 32, 'KABUPATEN INDRAMAYU', '2022-08-22 10:18:37.593060', '', '', '2023-11-29 22:24:22', '2023-11-29 22:24:22'),
(3213, 32, 'KABUPATEN SUBANG', '2022-08-22 10:18:37.593060', '', '', '2023-11-29 22:24:22', '2023-11-29 22:24:22'),
(3214, 32, 'KABUPATEN PURWAKARTA', '2022-08-22 10:18:37.593060', '', '', '2023-11-29 22:24:22', '2023-11-29 22:24:22'),
(3215, 32, 'KABUPATEN KARAWANG', '2022-08-22 10:18:37.593060', '', '', '2023-11-29 22:24:22', '2023-11-29 22:24:22'),
(3216, 32, 'KABUPATEN BEKASI', '2022-08-22 10:18:37.593060', '', '', '2023-11-29 22:24:22', '2023-11-29 22:24:22'),
(3217, 32, 'KABUPATEN BANDUNG BARAT', '2022-08-22 10:18:37.593060', '04/11/2022 17:43:04.822', '', '2023-11-29 22:24:22', '2023-11-29 22:24:22'),
(3218, 32, 'KABUPATEN PANGANDARAN', '2022-08-22 10:18:37.593060', '', '', '2023-11-29 22:24:22', '2023-11-29 22:24:22'),
(3271, 32, 'KOTA BOGOR', '2022-08-22 10:18:37.593060', '', '', '2023-11-29 22:24:22', '2023-11-29 22:24:22'),
(3272, 32, 'KOTA SUKABUMI', '2022-08-22 10:18:37.593060', '', '', '2023-11-29 22:24:22', '2023-11-29 22:24:22'),
(3273, 32, 'KOTA BANDUNG', '2022-08-22 10:18:37.593060', '', '', '2023-11-29 22:24:22', '2023-11-29 22:24:22'),
(3274, 32, 'KOTA CIREBON', '2022-08-22 10:18:37.593060', '', '', '2023-11-29 22:24:22', '2023-11-29 22:24:22'),
(3275, 32, 'KOTA BEKASI', '2022-08-22 10:18:37.593060', '', '', '2023-11-29 22:24:22', '2023-11-29 22:24:22'),
(3276, 32, 'KOTA DEPOK', '2022-08-22 10:18:37.593060', '', '', '2023-11-29 22:24:22', '2023-11-29 22:24:22'),
(3277, 32, 'KOTA CIMAHI', '2022-08-22 10:18:37.593060', '', '', '2023-11-29 22:24:22', '2023-11-29 22:24:22'),
(3278, 32, 'KOTA TASIKMALAYA', '2022-08-22 10:18:37.593060', '', '', '2023-11-29 22:24:22', '2023-11-29 22:24:22'),
(3279, 32, 'KOTA BANJAR', '2022-08-22 10:18:37.593060', '', '', '2023-11-29 22:24:22', '2023-11-29 22:24:22'),
(3301, 33, 'KABUPATEN CILACAP', '2022-08-22 10:18:37.593060', '', '', '2023-11-29 22:24:22', '2023-11-29 22:24:22'),
(3302, 33, 'KABUPATEN BANYUMAS', '2022-08-22 10:18:37.593060', '', '', '2023-11-29 22:24:22', '2023-11-29 22:24:22'),
(3303, 33, 'KABUPATEN PURBALINGGA', '2022-08-22 10:18:37.593060', '', '', '2023-11-29 22:24:22', '2023-11-29 22:24:22'),
(3304, 33, 'KABUPATEN BANJARNEGARA', '2022-08-22 10:18:37.593060', '', '', '2023-11-29 22:24:22', '2023-11-29 22:24:22'),
(3305, 33, 'KABUPATEN KEBUMEN', '2022-08-22 10:18:37.593060', '', '', '2023-11-29 22:24:22', '2023-11-29 22:24:22'),
(3306, 33, 'KABUPATEN PURWOREJO', '2022-08-22 10:18:37.593060', '', '', '2023-11-29 22:24:22', '2023-11-29 22:24:22'),
(3307, 33, 'KABUPATEN WONOSOBO', '2022-08-22 10:18:37.593060', '', '', '2023-11-29 22:24:22', '2023-11-29 22:24:22'),
(3308, 33, 'KABUPATEN MAGELANG', '2022-08-22 10:18:37.593060', '', '', '2023-11-29 22:24:22', '2023-11-29 22:24:22'),
(3309, 33, 'KABUPATEN BOYOLALI', '2022-08-22 10:18:37.593060', '', '', '2023-11-29 22:24:22', '2023-11-29 22:24:22'),
(3310, 33, 'KABUPATEN KLATEN', '2022-08-22 10:18:37.593060', '', '', '2023-11-29 22:24:22', '2023-11-29 22:24:22'),
(3311, 33, 'KABUPATEN SUKOHARJO', '2022-08-22 10:18:37.593060', '', '', '2023-11-29 22:24:22', '2023-11-29 22:24:22'),
(3312, 33, 'KABUPATEN WONOGIRI', '2022-08-22 10:18:37.593060', '', '', '2023-11-29 22:24:22', '2023-11-29 22:24:22'),
(3313, 33, 'KABUPATEN KARANGANYAR', '2022-08-22 10:18:37.593060', '', '', '2023-11-29 22:24:22', '2023-11-29 22:24:22'),
(3314, 33, 'KABUPATEN SRAGEN', '2022-08-22 10:18:37.593060', '', '', '2023-11-29 22:24:22', '2023-11-29 22:24:22'),
(3315, 33, 'KABUPATEN GROBOGAN', '2022-08-22 10:18:37.593060', '', '', '2023-11-29 22:24:22', '2023-11-29 22:24:22'),
(3316, 33, 'KABUPATEN BLORA', '2022-08-22 10:18:37.593060', '', '', '2023-11-29 22:24:22', '2023-11-29 22:24:22'),
(3317, 33, 'KABUPATEN REMBANG', '2022-08-22 10:18:37.593060', '', '', '2023-11-29 22:24:22', '2023-11-29 22:24:22'),
(3318, 33, 'KABUPATEN PATI', '2022-08-22 10:18:37.593060', '', '', '2023-11-29 22:24:22', '2023-11-29 22:24:22'),
(3319, 33, 'KABUPATEN KUDUS', '2022-08-22 10:18:37.593060', '', '', '2023-11-29 22:24:22', '2023-11-29 22:24:22'),
(3320, 33, 'KABUPATEN JEPARA', '2022-08-22 10:18:37.593060', '', '', '2023-11-29 22:24:22', '2023-11-29 22:24:22'),
(3321, 33, 'KABUPATEN DEMAK', '2022-08-22 10:18:37.593060', '', '', '2023-11-29 22:24:22', '2023-11-29 22:24:22'),
(3322, 33, 'KABUPATEN SEMARANG', '2022-08-22 10:18:37.593060', '', '', '2023-11-29 22:24:22', '2023-11-29 22:24:22'),
(3323, 33, 'KABUPATEN TEMANGGUNG', '2022-08-22 10:18:37.593060', '', '', '2023-11-29 22:24:22', '2023-11-29 22:24:22'),
(3324, 33, 'KABUPATEN KENDAL', '2022-08-22 10:18:37.593060', '', '', '2023-11-29 22:24:22', '2023-11-29 22:24:22'),
(3325, 33, 'KABUPATEN BATANG', '2022-08-22 10:18:37.593060', '', '', '2023-11-29 22:24:22', '2023-11-29 22:24:22'),
(3326, 33, 'KABUPATEN PEKALONGAN', '2022-08-22 10:18:37.593060', '', '', '2023-11-29 22:24:22', '2023-11-29 22:24:22'),
(3327, 33, 'KABUPATEN PEMALANG', '2022-08-22 10:18:37.593060', '', '', '2023-11-29 22:24:22', '2023-11-29 22:24:22'),
(3328, 33, 'KABUPATEN TEGAL', '2022-08-22 10:18:37.593060', '', '', '2023-11-29 22:24:22', '2023-11-29 22:24:22'),
(3329, 33, 'KABUPATEN BREBES', '2022-08-22 10:18:37.593060', '', '', '2023-11-29 22:24:22', '2023-11-29 22:24:22'),
(3371, 33, 'KOTA MAGELANG', '2022-08-22 10:18:37.593060', '', '', '2023-11-29 22:24:22', '2023-11-29 22:24:22'),
(3372, 33, 'KOTA SURAKARTA', '2022-08-22 10:18:37.593060', '', '', '2023-11-29 22:24:22', '2023-11-29 22:24:22'),
(3373, 33, 'KOTA SALATIGA', '2022-08-22 10:18:37.593060', '', '', '2023-11-29 22:24:22', '2023-11-29 22:24:22'),
(3374, 33, 'KOTA SEMARANG', '2022-08-22 10:18:37.593060', '', '', '2023-11-29 22:24:22', '2023-11-29 22:24:22'),
(3375, 33, 'KOTA PEKALONGAN', '2022-08-22 10:18:37.593060', '', '', '2023-11-29 22:24:22', '2023-11-29 22:24:22'),
(3376, 33, 'KOTA TEGAL', '2022-08-22 10:18:37.593060', '', '', '2023-11-29 22:24:22', '2023-11-29 22:24:22'),
(3399, 33, 'Kota Kocak', '09/09/2022 17:02:20.922', '09/09/2022 17:02:20.922', '', '2023-11-29 22:24:22', '2023-11-29 22:24:22'),
(3401, 34, 'KABUPATEN KULON PROGO', '2022-08-22 10:18:37.593060', '', '', '2023-11-29 22:24:22', '2023-11-29 22:24:22'),
(3402, 34, 'KABUPATEN BANTUL', '2022-08-22 10:18:37.593060', '', '', '2023-11-29 22:24:22', '2023-11-29 22:24:22'),
(3403, 34, 'KABUPATEN GUNUNG KIDUL', '2022-08-22 10:18:37.593060', '', '', '2023-11-29 22:24:22', '2023-11-29 22:24:22'),
(3404, 34, 'KABUPATEN SLEMAN', '2022-08-22 10:18:37.593060', '', '', '2023-11-29 22:24:22', '2023-11-29 22:24:22'),
(3471, 34, 'KOTA YOGYAKARTA', '2022-08-22 10:18:37.593060', '', '', '2023-11-29 22:24:22', '2023-11-29 22:24:22'),
(3501, 35, 'KABUPATEN PACITAN', '2022-08-22 10:18:37.593060', '', '', '2023-11-29 22:24:22', '2023-11-29 22:24:22'),
(3502, 35, 'KABUPATEN PONOROGO', '2022-08-22 10:18:37.593060', '', '', '2023-11-29 22:24:22', '2023-11-29 22:24:22'),
(3503, 35, 'KABUPATEN TRENGGALEK', '2022-08-22 10:18:37.593060', '', '', '2023-11-29 22:24:22', '2023-11-29 22:24:22'),
(3504, 35, 'KABUPATEN TULUNGAGUNG', '2022-08-22 10:18:37.593060', '', '', '2023-11-29 22:24:22', '2023-11-29 22:24:22'),
(3505, 35, 'KABUPATEN BLITAR', '2022-08-22 10:18:37.593060', '', '', '2023-11-29 22:24:22', '2023-11-29 22:24:22'),
(3506, 35, 'KABUPATEN KEDIRI', '2022-08-22 10:18:37.593060', '', '', '2023-11-29 22:24:22', '2023-11-29 22:24:22'),
(3507, 35, 'KABUPATEN MALANG', '2022-08-22 10:18:37.593060', '', '', '2023-11-29 22:24:22', '2023-11-29 22:24:22'),
(3508, 35, 'KABUPATEN LUMAJANG', '2022-08-22 10:18:37.593060', '', '', '2023-11-29 22:24:22', '2023-11-29 22:24:22'),
(3509, 35, 'KABUPATEN JEMBER', '2022-08-22 10:18:37.593060', '', '', '2023-11-29 22:24:22', '2023-11-29 22:24:22'),
(3510, 35, 'KABUPATEN BANYUWANGI', '2022-08-22 10:18:37.593060', '', '', '2023-11-29 22:24:22', '2023-11-29 22:24:22'),
(3511, 35, 'KABUPATEN BONDOWOSO', '2022-08-22 10:18:37.593060', '', '', '2023-11-29 22:24:22', '2023-11-29 22:24:22'),
(3512, 35, 'KABUPATEN SITUBONDO', '2022-08-22 10:18:37.593060', '', '', '2023-11-29 22:24:22', '2023-11-29 22:24:22'),
(3513, 35, 'KABUPATEN PROBOLINGGO', '2022-08-22 10:18:37.593060', '', '', '2023-11-29 22:24:22', '2023-11-29 22:24:22'),
(3514, 35, 'KABUPATEN PASURUAN', '2022-08-22 10:18:37.593060', '', '', '2023-11-29 22:24:22', '2023-11-29 22:24:22'),
(3515, 35, 'KABUPATEN SIDOARJO', '2022-08-22 10:18:37.593060', '', '', '2023-11-29 22:24:22', '2023-11-29 22:24:22'),
(3516, 35, 'KABUPATEN MOJOKERTO', '2022-08-22 10:18:37.593060', '', '', '2023-11-29 22:24:22', '2023-11-29 22:24:22'),
(3517, 35, 'KABUPATEN JOMBANG', '2022-08-22 10:18:37.593060', '', '', '2023-11-29 22:24:22', '2023-11-29 22:24:22'),
(3518, 35, 'KABUPATEN NGANJUK', '2022-08-22 10:18:37.593060', '', '', '2023-11-29 22:24:22', '2023-11-29 22:24:22'),
(3519, 35, 'KABUPATEN MADIUN', '2022-08-22 10:18:37.593060', '', '', '2023-11-29 22:24:22', '2023-11-29 22:24:22'),
(3520, 35, 'KABUPATEN MAGETAN', '2022-08-22 10:18:37.593060', '', '', '2023-11-29 22:24:22', '2023-11-29 22:24:22'),
(3521, 35, 'KABUPATEN NGAWI', '2022-08-22 10:18:37.593060', '', '', '2023-11-29 22:24:22', '2023-11-29 22:24:22'),
(3522, 35, 'KABUPATEN BOJONEGORO', '2022-08-22 10:18:37.593060', '', '', '2023-11-29 22:24:22', '2023-11-29 22:24:22'),
(3523, 35, 'KABUPATEN TUBAN', '2022-08-22 10:18:37.593060', '', '', '2023-11-29 22:24:22', '2023-11-29 22:24:22'),
(3524, 35, 'KABUPATEN LAMONGAN', '2022-08-22 10:18:37.593060', '', '', '2023-11-29 22:24:22', '2023-11-29 22:24:22'),
(3525, 35, 'KABUPATEN GRESIK', '2022-08-22 10:18:37.593060', '', '', '2023-11-29 22:24:22', '2023-11-29 22:24:22'),
(3526, 35, 'KABUPATEN BANGKALAN', '2022-08-22 10:18:37.593060', '', '', '2023-11-29 22:24:22', '2023-11-29 22:24:22'),
(3527, 35, 'KABUPATEN SAMPANG', '2022-08-22 10:18:37.593060', '', '', '2023-11-29 22:24:22', '2023-11-29 22:24:22'),
(3528, 35, 'KABUPATEN PAMEKASAN', '2022-08-22 10:18:37.593060', '', '', '2023-11-29 22:24:22', '2023-11-29 22:24:22'),
(3529, 35, 'KABUPATEN SUMENEP', '2022-08-22 10:18:37.593060', '', '', '2023-11-29 22:24:22', '2023-11-29 22:24:22'),
(3571, 35, 'KOTA KEDIRI', '2022-08-22 10:18:37.593060', '', '', '2023-11-29 22:24:22', '2023-11-29 22:24:22'),
(3572, 35, 'KOTA BLITAR', '2022-08-22 10:18:37.593060', '', '', '2023-11-29 22:24:22', '2023-11-29 22:24:22'),
(3573, 35, 'KOTA MALANG', '2022-08-22 10:18:37.593060', '', '', '2023-11-29 22:24:22', '2023-11-29 22:24:22'),
(3574, 35, 'KOTA PROBOLINGGO', '2022-08-22 10:18:37.593060', '', '', '2023-11-29 22:24:22', '2023-11-29 22:24:22'),
(3575, 35, 'KOTA PASURUAN', '2022-08-22 10:18:37.593060', '', '', '2023-11-29 22:24:22', '2023-11-29 22:24:22'),
(3576, 35, 'KOTA MOJOKERTO', '2022-08-22 10:18:37.593060', '', '', '2023-11-29 22:24:22', '2023-11-29 22:24:22'),
(3577, 35, 'KOTA MADIUN', '2022-08-22 10:18:37.593060', '', '', '2023-11-29 22:24:22', '2023-11-29 22:24:22'),
(3578, 35, 'KOTA SURABAYA', '2022-08-22 10:18:37.593060', '', '', '2023-11-29 22:24:22', '2023-11-29 22:24:22'),
(3579, 35, 'KOTA BATU', '2022-08-22 10:18:37.593060', '', '', '2023-11-29 22:24:22', '2023-11-29 22:24:22'),
(3601, 36, 'KABUPATEN PANDEGLANG', '2022-08-22 10:18:37.593060', '', '', '2023-11-29 22:24:22', '2023-11-29 22:24:22'),
(3602, 36, 'KABUPATEN LEBAK', '2022-08-22 10:18:37.593060', '', '', '2023-11-29 22:24:22', '2023-11-29 22:24:22'),
(3603, 36, 'KABUPATEN TANGERANG', '2022-08-22 10:18:37.593060', '', '', '2023-11-29 22:24:22', '2023-11-29 22:24:22'),
(3604, 36, 'KABUPATEN SERANG', '2022-08-22 10:18:37.593060', '', '', '2023-11-29 22:24:22', '2023-11-29 22:24:22'),
(3671, 36, 'KOTA TANGERANG', '2022-08-22 10:18:37.593060', '', '', '2023-11-29 22:24:22', '2023-11-29 22:24:22'),
(3672, 36, 'KOTA CILEGON', '2022-08-22 10:18:37.593060', '', '', '2023-11-29 22:24:22', '2023-11-29 22:24:22'),
(3673, 36, 'KOTA SERANG', '2022-08-22 10:18:37.593060', '', '', '2023-11-29 22:24:22', '2023-11-29 22:24:22'),
(3674, 36, 'KOTA TANGERANG SELATAN', '2022-08-22 10:18:37.593060', '', '', '2023-11-29 22:24:22', '2023-11-29 22:24:22'),
(5101, 51, 'KABUPATEN JEMBRANA', '2022-08-22 10:18:37.593060', '', '', '2023-11-29 22:24:22', '2023-11-29 22:24:22'),
(5102, 51, 'KABUPATEN TABANAN', '2022-08-22 10:18:37.593060', '', '', '2023-11-29 22:24:22', '2023-11-29 22:24:22'),
(5103, 51, 'KABUPATEN BADUNG', '2022-08-22 10:18:37.593060', '', '', '2023-11-29 22:24:22', '2023-11-29 22:24:22'),
(5104, 51, 'KABUPATEN GIANYAR', '2022-08-22 10:18:37.593060', '', '', '2023-11-29 22:24:22', '2023-11-29 22:24:22'),
(5105, 51, 'KABUPATEN KLUNGKUNG', '2022-08-22 10:18:37.593060', '', '', '2023-11-29 22:24:22', '2023-11-29 22:24:22'),
(5106, 51, 'KABUPATEN BANGLI', '2022-08-22 10:18:37.593060', '', '', '2023-11-29 22:24:22', '2023-11-29 22:24:22'),
(5107, 51, 'KABUPATEN KARANG ASEM', '2022-08-22 10:18:37.593060', '', '', '2023-11-29 22:24:22', '2023-11-29 22:24:22'),
(5108, 51, 'KABUPATEN BULELENG', '2022-08-22 10:18:37.593060', '', '', '2023-11-29 22:24:22', '2023-11-29 22:24:22'),
(5171, 51, 'KOTA DENPASAR', '2022-08-22 10:18:37.593060', '', '', '2023-11-29 22:24:22', '2023-11-29 22:24:22'),
(5201, 52, 'KABUPATEN LOMBOK BARAT', '2022-08-22 10:18:37.593060', '', '', '2023-11-29 22:24:22', '2023-11-29 22:24:22'),
(5202, 52, 'KABUPATEN LOMBOK TENGAH', '2022-08-22 10:18:37.593060', '', '', '2023-11-29 22:24:22', '2023-11-29 22:24:22'),
(5203, 52, 'KABUPATEN LOMBOK TIMUR', '2022-08-22 10:18:37.593060', '', '', '2023-11-29 22:24:22', '2023-11-29 22:24:22'),
(5204, 52, 'KABUPATEN SUMBAWA', '2022-08-22 10:18:37.593060', '', '', '2023-11-29 22:24:22', '2023-11-29 22:24:22'),
(5205, 52, 'KABUPATEN DOMPU', '2022-08-22 10:18:37.593060', '', '', '2023-11-29 22:24:22', '2023-11-29 22:24:22'),
(5206, 52, 'KABUPATEN BIMA', '2022-08-22 10:18:37.593060', '', '', '2023-11-29 22:24:22', '2023-11-29 22:24:22'),
(5207, 52, 'KABUPATEN SUMBAWA BARAT', '2022-08-22 10:18:37.593060', '', '', '2023-11-29 22:24:22', '2023-11-29 22:24:22'),
(5208, 52, 'KABUPATEN LOMBOK UTARA', '2022-08-22 10:18:37.593060', '', '', '2023-11-29 22:24:22', '2023-11-29 22:24:22'),
(5271, 52, 'KOTA MATARAM', '2022-08-22 10:18:37.593060', '', '', '2023-11-29 22:24:22', '2023-11-29 22:24:22'),
(5272, 52, 'KOTA BIMA', '2022-08-22 10:18:37.593060', '', '', '2023-11-29 22:24:22', '2023-11-29 22:24:22'),
(5301, 53, 'KABUPATEN SUMBA BARAT', '2022-08-22 10:18:37.593060', '', '', '2023-11-29 22:24:22', '2023-11-29 22:24:22'),
(5302, 53, 'KABUPATEN SUMBA TIMUR', '2022-08-22 10:18:37.593060', '', '', '2023-11-29 22:24:22', '2023-11-29 22:24:22'),
(5303, 53, 'KABUPATEN KUPANG', '2022-08-22 10:18:37.593060', '', '', '2023-11-29 22:24:22', '2023-11-29 22:24:22'),
(5304, 53, 'KABUPATEN TIMOR TENGAH SELATAN', '2022-08-22 10:18:37.593060', '', '', '2023-11-29 22:24:22', '2023-11-29 22:24:22'),
(5305, 53, 'KABUPATEN TIMOR TENGAH UTARA', '2022-08-22 10:18:37.593060', '', '', '2023-11-29 22:24:22', '2023-11-29 22:24:22'),
(5306, 53, 'KABUPATEN BELU', '2022-08-22 10:18:37.593060', '', '', '2023-11-29 22:24:22', '2023-11-29 22:24:22'),
(5307, 53, 'KABUPATEN ALOR', '2022-08-22 10:18:37.593060', '', '', '2023-11-29 22:24:22', '2023-11-29 22:24:22'),
(5308, 53, 'KABUPATEN LEMBATA', '2022-08-22 10:18:37.593060', '', '', '2023-11-29 22:24:22', '2023-11-29 22:24:22'),
(5309, 53, 'KABUPATEN FLORES TIMUR', '2022-08-22 10:18:37.593060', '', '', '2023-11-29 22:24:22', '2023-11-29 22:24:22'),
(5310, 53, 'KABUPATEN SIKKA', '2022-08-22 10:18:37.593060', '', '', '2023-11-29 22:24:22', '2023-11-29 22:24:22'),
(5311, 53, 'KABUPATEN ENDE', '2022-08-22 10:18:37.593060', '', '', '2023-11-29 22:24:22', '2023-11-29 22:24:22'),
(5312, 53, 'KABUPATEN NGADA', '2022-08-22 10:18:37.593060', '', '', '2023-11-29 22:24:22', '2023-11-29 22:24:22'),
(5313, 53, 'KABUPATEN MANGGARAI', '2022-08-22 10:18:37.593060', '', '', '2023-11-29 22:24:22', '2023-11-29 22:24:22'),
(5314, 53, 'KABUPATEN ROTE NDAO', '2022-08-22 10:18:37.593060', '', '', '2023-11-29 22:24:22', '2023-11-29 22:24:22'),
(5315, 53, 'KABUPATEN MANGGARAI BARAT', '2022-08-22 10:18:37.593060', '', '', '2023-11-29 22:24:22', '2023-11-29 22:24:22'),
(5316, 53, 'KABUPATEN SUMBA TENGAH', '2022-08-22 10:18:37.593060', '', '', '2023-11-29 22:24:22', '2023-11-29 22:24:22'),
(5317, 53, 'KABUPATEN SUMBA BARAT DAYA', '2022-08-22 10:18:37.593060', '', '', '2023-11-29 22:24:22', '2023-11-29 22:24:22'),
(5318, 53, 'KABUPATEN NAGEKEO', '2022-08-22 10:18:37.593060', '', '', '2023-11-29 22:24:22', '2023-11-29 22:24:22'),
(5319, 53, 'KABUPATEN MANGGARAI TIMUR', '2022-08-22 10:18:37.593060', '', '', '2023-11-29 22:24:22', '2023-11-29 22:24:22'),
(5320, 53, 'KABUPATEN SABU RAIJUA', '2022-08-22 10:18:37.593060', '', '', '2023-11-29 22:24:22', '2023-11-29 22:24:22'),
(5321, 53, 'KABUPATEN MALAKA', '2022-08-22 10:18:37.593060', '', '', '2023-11-29 22:24:22', '2023-11-29 22:24:22'),
(5371, 53, 'KOTA KUPANG', '2022-08-22 10:18:37.593060', '', '', '2023-11-29 22:24:22', '2023-11-29 22:24:22'),
(6101, 61, 'KABUPATEN SAMBAS', '2022-08-22 10:18:37.593060', '', '', '2023-11-29 22:24:22', '2023-11-29 22:24:22'),
(6102, 61, 'KABUPATEN BENGKAYANG', '2022-08-22 10:18:37.593060', '', '', '2023-11-29 22:24:22', '2023-11-29 22:24:22'),
(6103, 61, 'KABUPATEN LANDAK', '2022-08-22 10:18:37.593060', '', '', '2023-11-29 22:24:22', '2023-11-29 22:24:22'),
(6104, 61, 'KABUPATEN MEMPAWAH', '2022-08-22 10:18:37.593060', '', '', '2023-11-29 22:24:22', '2023-11-29 22:24:22'),
(6105, 61, 'KABUPATEN SANGGAU', '2022-08-22 10:18:37.593060', '', '', '2023-11-29 22:24:22', '2023-11-29 22:24:22'),
(6106, 61, 'KABUPATEN KETAPANG', '2022-08-22 10:18:37.593060', '', '', '2023-11-29 22:24:22', '2023-11-29 22:24:22'),
(6107, 61, 'KABUPATEN SINTANG', '2022-08-22 10:18:37.593060', '', '', '2023-11-29 22:24:22', '2023-11-29 22:24:22'),
(6108, 61, 'KABUPATEN KAPUAS HULU', '2022-08-22 10:18:37.593060', '', '', '2023-11-29 22:24:22', '2023-11-29 22:24:22'),
(6109, 61, 'KABUPATEN SEKADAU', '2022-08-22 10:18:37.593060', '', '', '2023-11-29 22:24:22', '2023-11-29 22:24:22'),
(6110, 61, 'KABUPATEN MELAWI', '2022-08-22 10:18:37.593060', '', '', '2023-11-29 22:24:22', '2023-11-29 22:24:22'),
(6111, 61, 'KABUPATEN KAYONG UTARA', '2022-08-22 10:18:37.593060', '', '', '2023-11-29 22:24:22', '2023-11-29 22:24:22'),
(6112, 61, 'KABUPATEN KUBU RAYA', '2022-08-22 10:18:37.593060', '', '', '2023-11-29 22:24:22', '2023-11-29 22:24:22'),
(6171, 61, 'KOTA PONTIANAK', '2022-08-22 10:18:37.593060', '', '', '2023-11-29 22:24:22', '2023-11-29 22:24:22'),
(6172, 61, 'KOTA SINGKAWANG', '2022-08-22 10:18:37.593060', '', '', '2023-11-29 22:24:22', '2023-11-29 22:24:22'),
(6201, 62, 'KABUPATEN KOTAWARINGIN BARAT', '2022-08-22 10:18:37.593060', '', '', '2023-11-29 22:24:22', '2023-11-29 22:24:22'),
(6202, 62, 'KABUPATEN KOTAWARINGIN TIMUR', '2022-08-22 10:18:37.593060', '', '', '2023-11-29 22:24:22', '2023-11-29 22:24:22'),
(6203, 62, 'KABUPATEN KAPUAS', '2022-08-22 10:18:37.593060', '', '', '2023-11-29 22:24:22', '2023-11-29 22:24:22'),
(6204, 62, 'KABUPATEN BARITO SELATAN', '2022-08-22 10:18:37.593060', '', '', '2023-11-29 22:24:22', '2023-11-29 22:24:22'),
(6205, 62, 'KABUPATEN BARITO UTARA', '2022-08-22 10:18:37.593060', '', '', '2023-11-29 22:24:22', '2023-11-29 22:24:22'),
(6206, 62, 'KABUPATEN SUKAMARA', '2022-08-22 10:18:37.593060', '', '', '2023-11-29 22:24:22', '2023-11-29 22:24:22'),
(6207, 62, 'KABUPATEN LAMANDAU', '2022-08-22 10:18:37.593060', '', '', '2023-11-29 22:24:22', '2023-11-29 22:24:22'),
(6208, 62, 'KABUPATEN SERUYAN', '2022-08-22 10:18:37.593060', '', '', '2023-11-29 22:24:22', '2023-11-29 22:24:22'),
(6209, 62, 'KABUPATEN KATINGAN', '2022-08-22 10:18:37.593060', '', '', '2023-11-29 22:24:22', '2023-11-29 22:24:22'),
(6210, 62, 'KABUPATEN PULANG PISAU', '2022-08-22 10:18:37.593060', '', '', '2023-11-29 22:24:22', '2023-11-29 22:24:22'),
(6211, 62, 'KABUPATEN GUNUNG MAS', '2022-08-22 10:18:37.593060', '', '', '2023-11-29 22:24:22', '2023-11-29 22:24:22'),
(6212, 62, 'KABUPATEN BARITO TIMUR', '2022-08-22 10:18:37.593060', '', '', '2023-11-29 22:24:22', '2023-11-29 22:24:22'),
(6213, 62, 'KABUPATEN MURUNG RAYA', '2022-08-22 10:18:37.593060', '', '', '2023-11-29 22:24:22', '2023-11-29 22:24:22'),
(6271, 62, 'KOTA PALANGKA RAYA', '2022-08-22 10:18:37.593060', '', '', '2023-11-29 22:24:22', '2023-11-29 22:24:22'),
(6301, 63, 'KABUPATEN TANAH LAUT', '2022-08-22 10:18:37.593060', '', '', '2023-11-29 22:24:22', '2023-11-29 22:24:22'),
(6302, 63, 'KABUPATEN KOTA BARU', '2022-08-22 10:18:37.593060', '', '', '2023-11-29 22:24:22', '2023-11-29 22:24:22'),
(6303, 63, 'KABUPATEN BANJAR', '2022-08-22 10:18:37.593060', '', '', '2023-11-29 22:24:22', '2023-11-29 22:24:22'),
(6304, 63, 'KABUPATEN BARITO KUALA', '2022-08-22 10:18:37.593060', '', '', '2023-11-29 22:24:22', '2023-11-29 22:24:22'),
(6305, 63, 'KABUPATEN TAPIN', '2022-08-22 10:18:37.593060', '', '', '2023-11-29 22:24:22', '2023-11-29 22:24:22'),
(6306, 63, 'KABUPATEN HULU SUNGAI SELATAN', '2022-08-22 10:18:37.593060', '', '', '2023-11-29 22:24:22', '2023-11-29 22:24:22'),
(6307, 63, 'KABUPATEN HULU SUNGAI TENGAH', '2022-08-22 10:18:37.593060', '', '', '2023-11-29 22:24:22', '2023-11-29 22:24:22'),
(6308, 63, 'KABUPATEN HULU SUNGAI UTARA', '2022-08-22 10:18:37.593060', '', '', '2023-11-29 22:24:22', '2023-11-29 22:24:22'),
(6309, 63, 'KABUPATEN TABALONG', '2022-08-22 10:18:37.593060', '', '', '2023-11-29 22:24:22', '2023-11-29 22:24:22'),
(6310, 63, 'KABUPATEN TANAH BUMBU', '2022-08-22 10:18:37.593060', '', '', '2023-11-29 22:24:22', '2023-11-29 22:24:22'),
(6311, 63, 'KABUPATEN BALANGAN', '2022-08-22 10:18:37.593060', '', '', '2023-11-29 22:24:22', '2023-11-29 22:24:22'),
(6371, 63, 'KOTA BANJARMASIN', '2022-08-22 10:18:37.593060', '', '', '2023-11-29 22:24:22', '2023-11-29 22:24:22'),
(6372, 63, 'KOTA BANJAR BARU', '2022-08-22 10:18:37.593060', '', '', '2023-11-29 22:24:22', '2023-11-29 22:24:22'),
(6401, 64, 'KABUPATEN PASER', '2022-08-22 10:18:37.593060', '', '', '2023-11-29 22:24:22', '2023-11-29 22:24:22'),
(6402, 64, 'KABUPATEN KUTAI BARAT', '2022-08-22 10:18:37.593060', '', '', '2023-11-29 22:24:22', '2023-11-29 22:24:22'),
(6403, 64, 'KABUPATEN KUTAI KARTANEGARA', '2022-08-22 10:18:37.593060', '', '', '2023-11-29 22:24:22', '2023-11-29 22:24:22'),
(6404, 64, 'KABUPATEN KUTAI TIMUR', '2022-08-22 10:18:37.593060', '', '', '2023-11-29 22:24:22', '2023-11-29 22:24:22'),
(6405, 64, 'KABUPATEN BERAU', '2022-08-22 10:18:37.593060', '', '', '2023-11-29 22:24:22', '2023-11-29 22:24:22'),
(6409, 64, 'KABUPATEN PENAJAM PASER UTARA', '2022-08-22 10:18:37.593060', '', '', '2023-11-29 22:24:22', '2023-11-29 22:24:22'),
(6411, 64, 'KABUPATEN MAHAKAM HULU', '2022-08-22 10:18:37.593060', '', '', '2023-11-29 22:24:22', '2023-11-29 22:24:22'),
(6471, 64, 'KOTA BALIKPAPAN', '2022-08-22 10:18:37.593060', '', '', '2023-11-29 22:24:22', '2023-11-29 22:24:22'),
(6472, 64, 'KOTA SAMARINDA', '2022-08-22 10:18:37.593060', '', '', '2023-11-29 22:24:22', '2023-11-29 22:24:22'),
(6474, 64, 'KOTA BONTANG', '2022-08-22 10:18:37.593060', '', '', '2023-11-29 22:24:22', '2023-11-29 22:24:22'),
(6501, 65, 'KABUPATEN MALINAU', '2022-08-22 10:18:37.593060', '', '', '2023-11-29 22:24:22', '2023-11-29 22:24:22'),
(6502, 65, 'KABUPATEN BULUNGAN', '2022-08-22 10:18:37.593060', '', '', '2023-11-29 22:24:22', '2023-11-29 22:24:22'),
(6503, 65, 'KABUPATEN TANA TIDUNG', '2022-08-22 10:18:37.593060', '', '', '2023-11-29 22:24:22', '2023-11-29 22:24:22'),
(6504, 65, 'KABUPATEN NUNUKAN', '2022-08-22 10:18:37.593060', '', '', '2023-11-29 22:24:22', '2023-11-29 22:24:22'),
(6571, 65, 'KOTA TARAKAN', '2022-08-22 10:18:37.593060', '', '', '2023-11-29 22:24:22', '2023-11-29 22:24:22'),
(7101, 71, 'KABUPATEN BOLAANG MONGONDOW', '2022-08-22 10:18:37.593060', '', '', '2023-11-29 22:24:22', '2023-11-29 22:24:22'),
(7102, 71, 'KABUPATEN MINAHASA', '2022-08-22 10:18:37.593060', '', '', '2023-11-29 22:24:22', '2023-11-29 22:24:22'),
(7103, 71, 'KABUPATEN KEPULAUAN SANGIHE', '2022-08-22 10:18:37.593060', '', '', '2023-11-29 22:24:22', '2023-11-29 22:24:22'),
(7104, 71, 'KABUPATEN KEPULAUAN TALAUD', '2022-08-22 10:18:37.593060', '', '', '2023-11-29 22:24:22', '2023-11-29 22:24:22'),
(7105, 71, 'KABUPATEN MINAHASA SELATAN', '2022-08-22 10:18:37.593060', '', '', '2023-11-29 22:24:22', '2023-11-29 22:24:22'),
(7106, 71, 'KABUPATEN MINAHASA UTARA', '2022-08-22 10:18:37.593060', '', '', '2023-11-29 22:24:22', '2023-11-29 22:24:22'),
(7107, 71, 'KABUPATEN BOLAANG MONGONDOW UTARA', '2022-08-22 10:18:37.593060', '', '', '2023-11-29 22:24:22', '2023-11-29 22:24:22'),
(7108, 71, 'KABUPATEN SIAU TAGULANDANG BIARO', '2022-08-22 10:18:37.593060', '', '', '2023-11-29 22:24:22', '2023-11-29 22:24:22'),
(7109, 71, 'KABUPATEN MINAHASA TENGGARA', '2022-08-22 10:18:37.593060', '', '', '2023-11-29 22:24:22', '2023-11-29 22:24:22'),
(7110, 71, 'KABUPATEN BOLAANG MONGONDOW SELATAN', '2022-08-22 10:18:37.593060', '', '', '2023-11-29 22:24:22', '2023-11-29 22:24:22'),
(7111, 71, 'KABUPATEN BOLAANG MONGONDOW TIMUR', '2022-08-22 10:18:37.593060', '', '', '2023-11-29 22:24:22', '2023-11-29 22:24:22'),
(7171, 71, 'KOTA MANADO', '2022-08-22 10:18:37.593060', '', '', '2023-11-29 22:24:22', '2023-11-29 22:24:22'),
(7172, 71, 'KOTA BITUNG', '2022-08-22 10:18:37.593060', '', '', '2023-11-29 22:24:22', '2023-11-29 22:24:22'),
(7173, 71, 'KOTA TOMOHON', '2022-08-22 10:18:37.593060', '', '', '2023-11-29 22:24:22', '2023-11-29 22:24:22'),
(7174, 71, 'KOTA KOTAMOBAGU', '2022-08-22 10:18:37.593060', '', '', '2023-11-29 22:24:22', '2023-11-29 22:24:22'),
(7201, 72, 'KABUPATEN BANGGAI KEPULAUAN', '2022-08-22 10:18:37.593060', '', '', '2023-11-29 22:24:22', '2023-11-29 22:24:22'),
(7202, 72, 'KABUPATEN BANGGAI', '2022-08-22 10:18:37.593060', '', '', '2023-11-29 22:24:22', '2023-11-29 22:24:22'),
(7203, 72, 'KABUPATEN MOROWALI', '2022-08-22 10:18:37.593060', '', '', '2023-11-29 22:24:22', '2023-11-29 22:24:22'),
(7204, 72, 'KABUPATEN POSO', '2022-08-22 10:18:37.593060', '', '', '2023-11-29 22:24:22', '2023-11-29 22:24:22'),
(7205, 72, 'KABUPATEN DONGGALA', '2022-08-22 10:18:37.593060', '', '', '2023-11-29 22:24:22', '2023-11-29 22:24:22'),
(7206, 72, 'KABUPATEN TOLI-TOLI', '2022-08-22 10:18:37.593060', '', '', '2023-11-29 22:24:22', '2023-11-29 22:24:22'),
(7207, 72, 'KABUPATEN BUOL', '2022-08-22 10:18:37.593060', '', '', '2023-11-29 22:24:22', '2023-11-29 22:24:22'),
(7208, 72, 'KABUPATEN PARIGI MOUTONG', '2022-08-22 10:18:37.593060', '', '', '2023-11-29 22:24:22', '2023-11-29 22:24:22'),
(7209, 72, 'KABUPATEN TOJO UNA-UNA', '2022-08-22 10:18:37.593060', '', '', '2023-11-29 22:24:22', '2023-11-29 22:24:22'),
(7210, 72, 'KABUPATEN SIGI', '2022-08-22 10:18:37.593060', '', '', '2023-11-29 22:24:22', '2023-11-29 22:24:22'),
(7211, 72, 'KABUPATEN BANGGAI LAUT', '2022-08-22 10:18:37.593060', '', '', '2023-11-29 22:24:22', '2023-11-29 22:24:22'),
(7212, 72, 'KABUPATEN MOROWALI UTARA', '2022-08-22 10:18:37.593060', '', '', '2023-11-29 22:24:22', '2023-11-29 22:24:22'),
(7271, 72, 'KOTA PALU', '2022-08-22 10:18:37.593060', '', '', '2023-11-29 22:24:22', '2023-11-29 22:24:22'),
(7301, 73, 'KABUPATEN KEPULAUAN SELAYAR', '2022-08-22 10:18:37.593060', '', '', '2023-11-29 22:24:22', '2023-11-29 22:24:22'),
(7302, 73, 'KABUPATEN BULUKUMBA', '2022-08-22 10:18:37.593060', '', '', '2023-11-29 22:24:22', '2023-11-29 22:24:22'),
(7303, 73, 'KABUPATEN BANTAENG', '2022-08-22 10:18:37.593060', '', '', '2023-11-29 22:24:22', '2023-11-29 22:24:22'),
(7304, 73, 'KABUPATEN JENEPONTO', '2022-08-22 10:18:37.593060', '', '', '2023-11-29 22:24:22', '2023-11-29 22:24:22'),
(7305, 73, 'KABUPATEN TAKALAR', '2022-08-22 10:18:37.593060', '', '', '2023-11-29 22:24:22', '2023-11-29 22:24:22'),
(7306, 73, 'KABUPATEN GOWA', '2022-08-22 10:18:37.593060', '', '', '2023-11-29 22:24:22', '2023-11-29 22:24:22'),
(7307, 73, 'KABUPATEN SINJAI', '2022-08-22 10:18:37.593060', '', '', '2023-11-29 22:24:22', '2023-11-29 22:24:22'),
(7308, 73, 'KABUPATEN MAROS', '2022-08-22 10:18:37.593060', '', '', '2023-11-29 22:24:22', '2023-11-29 22:24:22'),
(7309, 73, 'KABUPATEN PANGKAJENE DAN KEPULAUAN', '2022-08-22 10:18:37.593060', '', '', '2023-11-29 22:24:22', '2023-11-29 22:24:22'),
(7310, 73, 'KABUPATEN BARRU', '2022-08-22 10:18:37.593060', '', '', '2023-11-29 22:24:22', '2023-11-29 22:24:22'),
(7311, 73, 'KABUPATEN BONE', '2022-08-22 10:18:37.593060', '', '', '2023-11-29 22:24:22', '2023-11-29 22:24:22'),
(7312, 73, 'KABUPATEN SOPPENG', '2022-08-22 10:18:37.593060', '', '', '2023-11-29 22:24:22', '2023-11-29 22:24:22'),
(7313, 73, 'KABUPATEN WAJO', '2022-08-22 10:18:37.593060', '', '', '2023-11-29 22:24:22', '2023-11-29 22:24:22'),
(7314, 73, 'KABUPATEN SIDENRENG RAPPANG', '2022-08-22 10:18:37.593060', '', '', '2023-11-29 22:24:22', '2023-11-29 22:24:22'),
(7315, 73, 'KABUPATEN PINRANG', '2022-08-22 10:18:37.593060', '', '', '2023-11-29 22:24:22', '2023-11-29 22:24:22'),
(7316, 73, 'KABUPATEN ENREKANG', '2022-08-22 10:18:37.593060', '', '', '2023-11-29 22:24:22', '2023-11-29 22:24:22'),
(7317, 73, 'KABUPATEN LUWU', '2022-08-22 10:18:37.593060', '', '', '2023-11-29 22:24:22', '2023-11-29 22:24:22'),
(7318, 73, 'KABUPATEN TANA TORAJA', '2022-08-22 10:18:37.593060', '', '', '2023-11-29 22:24:22', '2023-11-29 22:24:22'),
(7322, 73, 'KABUPATEN LUWU UTARA', '2022-08-22 10:18:37.593060', '', '', '2023-11-29 22:24:22', '2023-11-29 22:24:22'),
(7325, 73, 'KABUPATEN LUWU TIMUR', '2022-08-22 10:18:37.593060', '', '', '2023-11-29 22:24:22', '2023-11-29 22:24:22'),
(7326, 73, 'KABUPATEN TORAJA UTARA', '2022-08-22 10:18:37.593060', '', '', '2023-11-29 22:24:22', '2023-11-29 22:24:22'),
(7371, 73, 'KOTA MAKASSAR', '2022-08-22 10:18:37.593060', '', '', '2023-11-29 22:24:22', '2023-11-29 22:24:22'),
(7372, 73, 'KOTA PAREPARE', '2022-08-22 10:18:37.593060', '', '', '2023-11-29 22:24:22', '2023-11-29 22:24:22'),
(7373, 73, 'KOTA PALOPO', '2022-08-22 10:18:37.593060', '', '', '2023-11-29 22:24:22', '2023-11-29 22:24:22'),
(7401, 74, 'KABUPATEN BUTON', '2022-08-22 10:18:37.593060', '', '', '2023-11-29 22:24:22', '2023-11-29 22:24:22'),
(7402, 74, 'KABUPATEN MUNA', '2022-08-22 10:18:37.593060', '', '', '2023-11-29 22:24:22', '2023-11-29 22:24:22');
INSERT INTO `ms_kota` (`Kd_Kota`, `Kd_Provinsi`, `NamaKota`, `Created_at`, `Modified_at`, `Delete_at`, `createdAt`, `updatedAt`) VALUES
(7403, 74, 'KABUPATEN KONAWE', '2022-08-22 10:18:37.593060', '', '', '2023-11-29 22:24:22', '2023-11-29 22:24:22'),
(7404, 74, 'KABUPATEN KOLAKA', '2022-08-22 10:18:37.593060', '', '', '2023-11-29 22:24:22', '2023-11-29 22:24:22'),
(7405, 74, 'KABUPATEN KONAWE SELATAN', '2022-08-22 10:18:37.593060', '', '', '2023-11-29 22:24:22', '2023-11-29 22:24:22'),
(7406, 74, 'KABUPATEN BOMBANA', '2022-08-22 10:18:37.593060', '', '', '2023-11-29 22:24:22', '2023-11-29 22:24:22'),
(7407, 74, 'KABUPATEN WAKATOBI', '2022-08-22 10:18:37.593060', '', '', '2023-11-29 22:24:22', '2023-11-29 22:24:22'),
(7408, 74, 'KABUPATEN KOLAKA UTARA', '2022-08-22 10:18:37.593060', '', '', '2023-11-29 22:24:22', '2023-11-29 22:24:22'),
(7409, 74, 'KABUPATEN BUTON UTARA', '2022-08-22 10:18:37.593060', '', '', '2023-11-29 22:24:22', '2023-11-29 22:24:22'),
(7410, 74, 'KABUPATEN KONAWE UTARA', '2022-08-22 10:18:37.593060', '', '', '2023-11-29 22:24:22', '2023-11-29 22:24:22'),
(7411, 74, 'KABUPATEN KOLAKA TIMUR', '2022-08-22 10:18:37.593060', '', '', '2023-11-29 22:24:22', '2023-11-29 22:24:22'),
(7412, 74, 'KABUPATEN KONAWE KEPULAUAN', '2022-08-22 10:18:37.593060', '', '', '2023-11-29 22:24:22', '2023-11-29 22:24:22'),
(7413, 74, 'KABUPATEN MUNA BARAT', '2022-08-22 10:18:37.593060', '', '', '2023-11-29 22:24:22', '2023-11-29 22:24:22'),
(7414, 74, 'KABUPATEN BUTON TENGAH', '2022-08-22 10:18:37.593060', '', '', '2023-11-29 22:24:22', '2023-11-29 22:24:22'),
(7415, 74, 'KABUPATEN BUTON SELATAN', '2022-08-22 10:18:37.593060', '', '', '2023-11-29 22:24:22', '2023-11-29 22:24:22'),
(7471, 74, 'KOTA KENDARI', '2022-08-22 10:18:37.593060', '', '', '2023-11-29 22:24:22', '2023-11-29 22:24:22'),
(7472, 74, 'KOTA BAUBAU', '2022-08-22 10:18:37.593060', '', '', '2023-11-29 22:24:22', '2023-11-29 22:24:22'),
(7501, 75, 'KABUPATEN BOALEMO', '2022-08-22 10:18:37.593060', '', '', '2023-11-29 22:24:22', '2023-11-29 22:24:22'),
(7502, 75, 'KABUPATEN GORONTALO', '2022-08-22 10:18:37.593060', '', '', '2023-11-29 22:24:22', '2023-11-29 22:24:22'),
(7503, 75, 'KABUPATEN POHUWATO', '2022-08-22 10:18:37.593060', '', '', '2023-11-29 22:24:22', '2023-11-29 22:24:22'),
(7504, 75, 'KABUPATEN BONE BOLANGO', '2022-08-22 10:18:37.593060', '', '', '2023-11-29 22:24:22', '2023-11-29 22:24:22'),
(7505, 75, 'KABUPATEN GORONTALO UTARA', '2022-08-22 10:18:37.593060', '', '', '2023-11-29 22:24:22', '2023-11-29 22:24:22'),
(7571, 75, 'KOTA GORONTALO', '2022-08-22 10:18:37.593060', '', '', '2023-11-29 22:24:22', '2023-11-29 22:24:22'),
(7601, 76, 'KABUPATEN MAJENE', '2022-08-22 10:18:37.593060', '', '', '2023-11-29 22:24:22', '2023-11-29 22:24:22'),
(7602, 76, 'KABUPATEN POLEWALI MANDAR', '2022-08-22 10:18:37.593060', '', '', '2023-11-29 22:24:22', '2023-11-29 22:24:22'),
(7603, 76, 'KABUPATEN MAMASA', '2022-08-22 10:18:37.593060', '', '', '2023-11-29 22:24:22', '2023-11-29 22:24:22'),
(7604, 76, 'KABUPATEN MAMUJU', '2022-08-22 10:18:37.593060', '', '', '2023-11-29 22:24:22', '2023-11-29 22:24:22'),
(7605, 76, 'KABUPATEN MAMUJU UTARA', '2022-08-22 10:18:37.593060', '', '', '2023-11-29 22:24:22', '2023-11-29 22:24:22'),
(7606, 76, 'KABUPATEN MAMUJU TENGAH', '2022-08-22 10:18:37.593060', '', '', '2023-11-29 22:24:22', '2023-11-29 22:24:22'),
(8101, 81, 'KABUPATEN MALUKU TENGGARA BARAT', '2022-08-22 10:18:37.593060', '', '', '2023-11-29 22:24:22', '2023-11-29 22:24:22'),
(8102, 81, 'KABUPATEN MALUKU TENGGARA', '2022-08-22 10:18:37.593060', '', '', '2023-11-29 22:24:22', '2023-11-29 22:24:22'),
(8103, 81, 'KABUPATEN MALUKU TENGAH', '2022-08-22 10:18:37.593060', '', '', '2023-11-29 22:24:22', '2023-11-29 22:24:22'),
(8104, 81, 'KABUPATEN BURU', '2022-08-22 10:18:37.593060', '', '', '2023-11-29 22:24:22', '2023-11-29 22:24:22'),
(8105, 81, 'KABUPATEN KEPULAUAN ARU', '2022-08-22 10:18:37.593060', '', '', '2023-11-29 22:24:22', '2023-11-29 22:24:22'),
(8106, 81, 'KABUPATEN SERAM BAGIAN BARAT', '2022-08-22 10:18:37.593060', '', '', '2023-11-29 22:24:22', '2023-11-29 22:24:22'),
(8107, 81, 'KABUPATEN SERAM BAGIAN TIMUR', '2022-08-22 10:18:37.593060', '', '', '2023-11-29 22:24:22', '2023-11-29 22:24:22'),
(8108, 81, 'KABUPATEN MALUKU BARAT DAYA', '2022-08-22 10:18:37.593060', '', '', '2023-11-29 22:24:22', '2023-11-29 22:24:22'),
(8109, 81, 'KABUPATEN BURU SELATAN', '2022-08-22 10:18:37.593060', '', '', '2023-11-29 22:24:22', '2023-11-29 22:24:22'),
(8171, 81, 'KOTA AMBON', '2022-08-22 10:18:37.593060', '', '', '2023-11-29 22:24:22', '2023-11-29 22:24:22'),
(8172, 81, 'KOTA TUAL', '2022-08-22 10:18:37.593060', '', '', '2023-11-29 22:24:22', '2023-11-29 22:24:22'),
(8201, 82, 'KABUPATEN HALMAHERA BARAT', '2022-08-22 10:18:37.593060', '', '', '2023-11-29 22:24:22', '2023-11-29 22:24:22'),
(8202, 82, 'KABUPATEN HALMAHERA TENGAH', '2022-08-22 10:18:37.593060', '', '', '2023-11-29 22:24:22', '2023-11-29 22:24:22'),
(8203, 82, 'KABUPATEN KEPULAUAN SULA', '2022-08-22 10:18:37.593060', '', '', '2023-11-29 22:24:22', '2023-11-29 22:24:22'),
(8204, 82, 'KABUPATEN HALMAHERA SELATAN', '2022-08-22 10:18:37.593060', '', '', '2023-11-29 22:24:22', '2023-11-29 22:24:22'),
(8205, 82, 'KABUPATEN HALMAHERA UTARA', '2022-08-22 10:18:37.593060', '', '', '2023-11-29 22:24:22', '2023-11-29 22:24:22'),
(8206, 82, 'KABUPATEN HALMAHERA TIMUR', '2022-08-22 10:18:37.593060', '', '', '2023-11-29 22:24:22', '2023-11-29 22:24:22'),
(8207, 82, 'KABUPATEN PULAU MOROTAI', '2022-08-22 10:18:37.593060', '', '', '2023-11-29 22:24:22', '2023-11-29 22:24:22'),
(8208, 82, 'KABUPATEN PULAU TALIABU', '2022-08-22 10:18:37.593060', '', '', '2023-11-29 22:24:22', '2023-11-29 22:24:22'),
(8271, 82, 'KOTA TERNATE', '2022-08-22 10:18:37.593060', '', '', '2023-11-29 22:24:22', '2023-11-29 22:24:22'),
(8272, 82, 'KOTA TIDORE KEPULAUAN', '2022-08-22 10:18:37.593060', '', '', '2023-11-29 22:24:22', '2023-11-29 22:24:22'),
(9101, 91, 'KABUPATEN FAKFAK', '2022-08-22 10:18:37.593060', '', '', '2023-11-29 22:24:22', '2023-11-29 22:24:22'),
(9102, 91, 'KABUPATEN KAIMANA', '2022-08-22 10:18:37.593060', '', '', '2023-11-29 22:24:22', '2023-11-29 22:24:22'),
(9103, 91, 'KABUPATEN TELUK WONDAMA', '2022-08-22 10:18:37.593060', '', '', '2023-11-29 22:24:22', '2023-11-29 22:24:22'),
(9104, 91, 'KABUPATEN TELUK BINTUNI', '2022-08-22 10:18:37.593060', '', '', '2023-11-29 22:24:22', '2023-11-29 22:24:22'),
(9105, 91, 'KABUPATEN MANOKWARI', '2022-08-22 10:18:37.593060', '', '', '2023-11-29 22:24:22', '2023-11-29 22:24:22'),
(9106, 91, 'KABUPATEN SORONG SELATAN', '2022-08-22 10:18:37.593060', '', '', '2023-11-29 22:24:22', '2023-11-29 22:24:22'),
(9107, 91, 'KABUPATEN SORONG', '2022-08-22 10:18:37.593060', '', '', '2023-11-29 22:24:22', '2023-11-29 22:24:22'),
(9108, 91, 'KABUPATEN RAJA AMPAT', '2022-08-22 10:18:37.593060', '', '', '2023-11-29 22:24:22', '2023-11-29 22:24:22'),
(9109, 91, 'KABUPATEN TAMBRAUW', '2022-08-22 10:18:37.593060', '', '', '2023-11-29 22:24:22', '2023-11-29 22:24:22'),
(9110, 91, 'KABUPATEN MAYBRAT', '2022-08-22 10:18:37.593060', '', '', '2023-11-29 22:24:22', '2023-11-29 22:24:22'),
(9111, 91, 'KABUPATEN MANOKWARI SELATAN', '2022-08-22 10:18:37.593060', '', '', '2023-11-29 22:24:22', '2023-11-29 22:24:22'),
(9112, 91, 'KABUPATEN PEGUNUNGAN ARFAK', '2022-08-22 10:18:37.593060', '', '', '2023-11-29 22:24:22', '2023-11-29 22:24:22'),
(9171, 91, 'KOTA SORONG', '2022-08-22 10:18:37.593060', '', '', '2023-11-29 22:24:22', '2023-11-29 22:24:22'),
(9401, 94, 'KABUPATEN MERAUKE', '2022-08-22 10:18:37.593060', '', '', '2023-11-29 22:24:22', '2023-11-29 22:24:22'),
(9402, 94, 'KABUPATEN JAYAWIJAYA', '2022-08-22 10:18:37.593060', '', '', '2023-11-29 22:24:22', '2023-11-29 22:24:22'),
(9403, 94, 'KABUPATEN JAYAPURA', '2022-08-22 10:18:37.593060', '', '', '2023-11-29 22:24:22', '2023-11-29 22:24:22'),
(9404, 94, 'KABUPATEN NABIRE', '2022-08-22 10:18:37.593060', '', '', '2023-11-29 22:24:22', '2023-11-29 22:24:22'),
(9408, 94, 'KABUPATEN KEPULAUAN YAPEN', '2022-08-22 10:18:37.593060', '', '', '2023-11-29 22:24:22', '2023-11-29 22:24:22'),
(9409, 94, 'KABUPATEN BIAK NUMFOR', '2022-08-22 10:18:37.593060', '', '', '2023-11-29 22:24:22', '2023-11-29 22:24:22'),
(9410, 94, 'KABUPATEN PANIAI', '2022-08-22 10:18:37.593060', '', '', '2023-11-29 22:24:22', '2023-11-29 22:24:22'),
(9411, 94, 'KABUPATEN PUNCAK JAYA', '2022-08-22 10:18:37.593060', '', '', '2023-11-29 22:24:22', '2023-11-29 22:24:22'),
(9412, 94, 'KABUPATEN MIMIKA', '2022-08-22 10:18:37.593060', '', '', '2023-11-29 22:24:22', '2023-11-29 22:24:22'),
(9413, 94, 'KABUPATEN BOVEN DIGOEL', '2022-08-22 10:18:37.593060', '', '', '2023-11-29 22:24:22', '2023-11-29 22:24:22'),
(9414, 94, 'KABUPATEN MAPPI', '2022-08-22 10:18:37.593060', '', '', '2023-11-29 22:24:22', '2023-11-29 22:24:22'),
(9415, 94, 'KABUPATEN ASMAT', '2022-08-22 10:18:37.593060', '', '', '2023-11-29 22:24:22', '2023-11-29 22:24:22'),
(9416, 94, 'KABUPATEN YAHUKIMO', '2022-08-22 10:18:37.593060', '', '', '2023-11-29 22:24:22', '2023-11-29 22:24:22'),
(9417, 94, 'KABUPATEN PEGUNUNGAN BINTANG', '2022-08-22 10:18:37.593060', '', '', '2023-11-29 22:24:22', '2023-11-29 22:24:22'),
(9418, 94, 'KABUPATEN TOLIKARA', '2022-08-22 10:18:37.593060', '', '', '2023-11-29 22:24:22', '2023-11-29 22:24:22'),
(9419, 94, 'KABUPATEN SARMI', '2022-08-22 10:18:37.593060', '', '', '2023-11-29 22:24:22', '2023-11-29 22:24:22'),
(9420, 94, 'KABUPATEN KEEROM', '2022-08-22 10:18:37.593060', '', '', '2023-11-29 22:24:22', '2023-11-29 22:24:22'),
(9426, 94, 'KABUPATEN WAROPEN', '2022-08-22 10:18:37.593060', '', '', '2023-11-29 22:24:22', '2023-11-29 22:24:22'),
(9427, 94, 'KABUPATEN SUPIORI', '2022-08-22 10:18:37.593060', '', '', '2023-11-29 22:24:22', '2023-11-29 22:24:22'),
(9428, 94, 'KABUPATEN MAMBERAMO RAYA', '2022-08-22 10:18:37.593060', '', '', '2023-11-29 22:24:22', '2023-11-29 22:24:22'),
(9429, 94, 'KABUPATEN NDUGA', '2022-08-22 10:18:37.593060', '', '', '2023-11-29 22:24:22', '2023-11-29 22:24:22'),
(9430, 94, 'KABUPATEN LANNY JAYA', '2022-08-22 10:18:37.593060', '', '', '2023-11-29 22:24:22', '2023-11-29 22:24:22'),
(9431, 94, 'KABUPATEN MAMBERAMO TENGAH', '2022-08-22 10:18:37.593060', '', '', '2023-11-29 22:24:22', '2023-11-29 22:24:22'),
(9432, 94, 'KABUPATEN YALIMO', '2022-08-22 10:18:37.593060', '', '', '2023-11-29 22:24:22', '2023-11-29 22:24:22'),
(9433, 94, 'KABUPATEN PUNCAK', '2022-08-22 10:18:37.593060', '', '', '2023-11-29 22:24:22', '2023-11-29 22:24:22'),
(9434, 94, 'KABUPATEN DOGIYAI', '2022-08-22 10:18:37.593060', '', '', '2023-11-29 22:24:22', '2023-11-29 22:24:22'),
(9435, 94, 'KABUPATEN INTAN JAYA', '2022-08-22 10:18:37.593060', '', '', '2023-11-29 22:24:22', '2023-11-29 22:24:22'),
(9436, 94, 'KABUPATEN DEIYAI', '2022-08-22 10:18:37.593060', '', '', '2023-11-29 22:24:22', '2023-11-29 22:24:22'),
(9471, 94, 'KOTA JAYAPURA', '2022-08-22 10:18:37.593060', '', '', '2023-11-29 22:24:22', '2023-11-29 22:24:22'),
(9999, 99, 'Lainnya', '09/11/2022 20:26:44.000', '', '', '2023-11-29 22:24:22', '2023-11-29 22:24:22');

-- --------------------------------------------------------

--
-- Table structure for table `ms_provinsi`
--

CREATE TABLE `ms_provinsi` (
  `Kd_Provinsi` int(2) NOT NULL,
  `NamaProvinsi` varchar(25) DEFAULT NULL,
  `Kd_Region` varchar(10) DEFAULT NULL,
  `Created_at` varchar(26) DEFAULT NULL,
  `Modified_at` varchar(10) DEFAULT NULL,
  `Delete_at` varchar(10) DEFAULT NULL,
  `createdAt` datetime DEFAULT current_timestamp(),
  `updatedAt` datetime DEFAULT current_timestamp()
) ENGINE=InnoDB DEFAULT CHARSET=utf8 COLLATE=utf8_general_ci;

--
-- Dumping data for table `ms_provinsi`
--

INSERT INTO `ms_provinsi` (`Kd_Provinsi`, `NamaProvinsi`, `Kd_Region`, `Created_at`, `Modified_at`, `Delete_at`, `createdAt`, `updatedAt`) VALUES
(11, 'ACEH', '', '2022-08-22 10:17:51.985147', '', '', '2023-11-29 22:32:33', '2023-11-29 22:32:33'),
(12, 'SUMATERA UTARA', '', '2022-08-22 10:17:51.985147', '', '', '2023-11-29 22:32:33', '2023-11-29 22:32:33'),
(13, 'SUMATERA BARAT', '', '2022-08-22 10:17:51.985147', '', '', '2023-11-29 22:32:33', '2023-11-29 22:32:33'),
(14, 'RIAU', '', '2022-08-22 10:17:51.985147', '', '', '2023-11-29 22:32:33', '2023-11-29 22:32:33'),
(15, 'JAMBI', '', '2022-08-22 10:17:51.985147', '', '', '2023-11-29 22:32:33', '2023-11-29 22:32:33'),
(16, 'SUMATERA SELATAN', '', '2022-08-22 10:17:51.985147', '', '', '2023-11-29 22:32:33', '2023-11-29 22:32:33'),
(17, 'BENGKULU', '', '2022-08-22 10:17:51.985147', '', '', '2023-11-29 22:32:33', '2023-11-29 22:32:33'),
(18, 'LAMPUNG', '', '2022-08-22 10:17:51.985147', '', '', '2023-11-29 22:32:33', '2023-11-29 22:32:33'),
(19, 'KEPULAUAN BANGKA BELITUNG', '', '2022-08-22 10:17:51.985147', '', '', '2023-11-29 22:32:33', '2023-11-29 22:32:33'),
(21, 'KEPULAUAN RIAU', '', '2022-08-22 10:17:51.985147', '', '', '2023-11-29 22:32:33', '2023-11-29 22:32:33'),
(31, 'DKI JAKARTA', '', '2022-08-22 10:17:51.985147', '', '', '2023-11-29 22:32:33', '2023-11-29 22:32:33'),
(32, 'JAWA BARAT', '', '2022-08-22 10:17:51.985147', '', '', '2023-11-29 22:32:33', '2023-11-29 22:32:33'),
(33, 'JAWA TENGAH', '', '2022-08-22 10:17:51.985147', '', '', '2023-11-29 22:32:33', '2023-11-29 22:32:33'),
(34, 'DI YOGYAKARTA', '', '2022-08-22 10:17:51.985147', '', '', '2023-11-29 22:32:33', '2023-11-29 22:32:33'),
(35, 'JAWA TIMUR', '', '2022-08-22 10:17:51.985147', '', '', '2023-11-29 22:32:33', '2023-11-29 22:32:33'),
(36, 'BANTEN', '', '2022-08-22 10:17:51.985147', '', '', '2023-11-29 22:32:33', '2023-11-29 22:32:33'),
(51, 'BALI', '', '2022-08-22 10:17:51.985147', '', '', '2023-11-29 22:32:33', '2023-11-29 22:32:33'),
(52, 'NUSA TENGGARA BARAT', '', '2022-08-22 10:17:51.985147', '', '', '2023-11-29 22:32:33', '2023-11-29 22:32:33'),
(53, 'NUSA TENGGARA TIMUR', '', '2022-08-22 10:17:51.985147', '', '', '2023-11-29 22:32:33', '2023-11-29 22:32:33'),
(61, 'KALIMANTAN BARAT', '', '2022-08-22 10:17:51.985147', '', '', '2023-11-29 22:32:33', '2023-11-29 22:32:33'),
(62, 'KALIMANTAN TENGAH', '', '2022-08-22 10:17:51.985147', '', '', '2023-11-29 22:32:33', '2023-11-29 22:32:33'),
(63, 'KALIMANTAN SELATAN', '', '2022-08-22 10:17:51.985147', '', '', '2023-11-29 22:32:33', '2023-11-29 22:32:33'),
(64, 'KALIMANTAN TIMUR', '', '2022-08-22 10:17:51.985147', '', '', '2023-11-29 22:32:33', '2023-11-29 22:32:33'),
(65, 'KALIMANTAN UTARA', '', '2022-08-22 10:17:51.985147', '', '', '2023-11-29 22:32:33', '2023-11-29 22:32:33'),
(71, 'SULAWESI UTARA', '', '2022-08-22 10:17:51.985147', '', '', '2023-11-29 22:32:33', '2023-11-29 22:32:33'),
(72, 'SULAWESI TENGAH', '', '2022-08-22 10:17:51.985147', '', '', '2023-11-29 22:32:33', '2023-11-29 22:32:33'),
(73, 'SULAWESI SELATAN', '', '2022-08-22 10:17:51.985147', '', '', '2023-11-29 22:32:33', '2023-11-29 22:32:33'),
(74, 'SULAWESI TENGGARA', '', '2022-08-22 10:17:51.985147', '', '', '2023-11-29 22:32:33', '2023-11-29 22:32:33'),
(75, 'GORONTALO', '', '2022-08-22 10:17:51.985147', '', '', '2023-11-29 22:32:33', '2023-11-29 22:32:33'),
(76, 'SULAWESI BARAT', '', '2022-08-22 10:17:51.985147', '', '', '2023-11-29 22:32:33', '2023-11-29 22:32:33'),
(81, 'MALUKU', '', '2022-08-22 10:17:51.985147', '', '', '2023-11-29 22:32:33', '2023-11-29 22:32:33'),
(82, 'MALUKU UTARA', '', '2022-08-22 10:17:51.985147', '', '', '2023-11-29 22:32:33', '2023-11-29 22:32:33'),
(91, 'PAPUA BARAT', '', '2022-08-22 10:17:51.985147', '', '', '2023-11-29 22:32:33', '2023-11-29 22:32:33'),
(94, 'PAPUA', '', '2022-08-22 10:17:51.985147', '', '', '2023-11-29 22:32:33', '2023-11-29 22:32:33'),
(99, 'Lainnya', '', '09/11/2022 20:23:56.000', '', '', '2023-11-29 22:32:33', '2023-11-29 22:32:33');

-- --------------------------------------------------------

--
-- Table structure for table `sertifikasipegawai`
--

CREATE TABLE `sertifikasipegawai` (
  `Id_Sertifikasi` varchar(5) NOT NULL,
  `Id_Pegawai` varchar(5) NOT NULL,
  `Id_Bidang` char(2) NOT NULL,
  `NamaLembaga` varchar(75) NOT NULL,
  `DokumentasiSertifikat` varchar(255) NOT NULL,
  `Created_at` datetime DEFAULT current_timestamp(),
  `createdAt` datetime DEFAULT current_timestamp(),
  `updatedAt` datetime DEFAULT current_timestamp()
) ENGINE=InnoDB DEFAULT CHARSET=utf8mb4 COLLATE=utf8mb4_general_ci;

--
-- Dumping data for table `sertifikasipegawai`
--

INSERT INTO `sertifikasipegawai` (`Id_Sertifikasi`, `Id_Pegawai`, `Id_Bidang`, `NamaLembaga`, `DokumentasiSertifikat`, `Created_at`, `createdAt`, `updatedAt`) VALUES
('P001', 'P001', 'B2', 'Lembaga Sertifikasi Nasional', '/jk34k2j34i9.jpg', '2023-11-30 00:56:08', '2023-11-30 00:56:08', '2023-11-30 00:56:08'),
('P002', 'P001', 'B2', 'Lembaga Oye Indonesia', '/img/54b5d058-65d0-43d7-87eb-6eb84c1c56c8.png', '2023-11-30 06:33:53', '2023-11-30 06:33:53', '2023-11-30 06:33:53'),
('P003', 'P001', 'B2', 'Lembaga Oye Indonesia', '/img/cbb39eb6-4c75-4f53-be93-bd3a4be087bd.png', '2023-11-30 06:38:41', '2023-11-30 06:38:41', '2023-11-30 06:38:41'),
('P004', 'P001', 'B2', 'Lembaga Oye Indonesia', '/img/cca3c15d-f46c-470f-8a10-0c924f63ca80.png', '2023-11-30 06:39:47', '2023-11-30 06:39:47', '2023-11-30 06:39:47'),
('P005', 'P001', 'B2', 'Lembaga Oye Indonesia', '/img/1d9fcbf4-c9a8-436d-b7f8-107aad07ffe6.png', '2023-11-30 06:41:10', '2023-11-30 06:41:10', '2023-11-30 06:41:10');

-- --------------------------------------------------------

--
-- Table structure for table `userlogin`
--

CREATE TABLE `userlogin` (
  `Id_User` varchar(7) NOT NULL,
  `Email` varchar(50) NOT NULL,
  `Username` varchar(23) NOT NULL,
  `Password` varchar(100) NOT NULL,
  `Token` varchar(255) DEFAULT NULL,
  `Created_at` datetime DEFAULT current_timestamp(),
  `Modified_at` datetime DEFAULT NULL,
  `createdAt` datetime DEFAULT current_timestamp(),
  `updatedAt` datetime DEFAULT current_timestamp()
) ENGINE=InnoDB DEFAULT CHARSET=utf8mb4 COLLATE=utf8mb4_general_ci;

--
-- Dumping data for table `userlogin`
--

INSERT INTO `userlogin` (`Id_User`, `Email`, `Username`, `Password`, `Token`, `Created_at`, `Modified_at`, `createdAt`, `updatedAt`) VALUES
('User001', 'Admin@gmail.com', 'Admin12', '33ddc38812e8597161d1d6eda2816d2371664366a76cf6f589654254ed913d66', 'eyJhbGciOiJIUzI1NiIsInR5cCI6IkpXVCJ9.eyJJZF9Vc2VyIjoiVXNlcjAwMSIsIkVtYWlsIjoiQWRtaW5AZ21haWwuY29tIiwiaWF0IjoxNzAxMzQ1MjM4LCJleHAiOjE3MDE5NTAwMzh9.iC3myJNi-BKQgbUm1bC0BSMe0grKLxvvBbOAFtIkXO0', '2023-11-29 14:10:37', NULL, '2023-11-29 14:10:37', '2023-11-30 11:53:58');

--
-- Indexes for dumped tables
--

--
-- Indexes for table `bidang`
--
ALTER TABLE `bidang`
  ADD PRIMARY KEY (`Id_Bidang`);

--
-- Indexes for table `datapegawai`
--
ALTER TABLE `datapegawai`
  ADD PRIMARY KEY (`Id_Pegawai`);

--
-- Indexes for table `keahlian`
--
ALTER TABLE `keahlian`
  ADD PRIMARY KEY (`id`),
  ADD KEY `Id_Pegawai` (`Id_Pegawai`);

--
-- Indexes for table `ms_kota`
--
ALTER TABLE `ms_kota`
  ADD PRIMARY KEY (`Kd_Kota`),
  ADD KEY `Kd_Provinsi` (`Kd_Provinsi`);

--
-- Indexes for table `ms_provinsi`
--
ALTER TABLE `ms_provinsi`
  ADD PRIMARY KEY (`Kd_Provinsi`);

--
-- Indexes for table `sertifikasipegawai`
--
ALTER TABLE `sertifikasipegawai`
  ADD PRIMARY KEY (`Id_Sertifikasi`),
  ADD KEY `Id_Pegawai` (`Id_Pegawai`),
  ADD KEY `Id_Bidang` (`Id_Bidang`);

--
-- Indexes for table `userlogin`
--
ALTER TABLE `userlogin`
  ADD PRIMARY KEY (`Id_User`),
  ADD UNIQUE KEY `Username` (`Username`);

--
-- AUTO_INCREMENT for dumped tables
--

--
-- AUTO_INCREMENT for table `keahlian`
--
ALTER TABLE `keahlian`
  MODIFY `id` int(11) NOT NULL AUTO_INCREMENT, AUTO_INCREMENT=3;

--
-- Constraints for dumped tables
--

--
-- Constraints for table `keahlian`
--
ALTER TABLE `keahlian`
  ADD CONSTRAINT `keahlian_ibfk_1` FOREIGN KEY (`Id_Pegawai`) REFERENCES `datapegawai` (`Id_Pegawai`);

--
-- Constraints for table `ms_kota`
--
ALTER TABLE `ms_kota`
  ADD CONSTRAINT `ms_kota_ibfk_1` FOREIGN KEY (`Kd_Provinsi`) REFERENCES `ms_provinsi` (`Kd_Provinsi`);

--
-- Constraints for table `sertifikasipegawai`
--
ALTER TABLE `sertifikasipegawai`
  ADD CONSTRAINT `sertifikasipegawai_ibfk_1` FOREIGN KEY (`Id_Pegawai`) REFERENCES `datapegawai` (`Id_Pegawai`),
  ADD CONSTRAINT `sertifikasipegawai_ibfk_2` FOREIGN KEY (`Id_Bidang`) REFERENCES `bidang` (`Id_Bidang`);
COMMIT;

/*!40101 SET CHARACTER_SET_CLIENT=@OLD_CHARACTER_SET_CLIENT */;
/*!40101 SET CHARACTER_SET_RESULTS=@OLD_CHARACTER_SET_RESULTS */;
/*!40101 SET COLLATION_CONNECTION=@OLD_COLLATION_CONNECTION */;
